#
# TABLE STRUCTURE FOR: communites
#

DROP TABLE IF EXISTS `communites`;

CREATE TABLE `communites` (
  `id` int(10) unsigned NOT NULL AUTO_INCREMENT,
  `name` varchar(150) COLLATE utf8_unicode_ci NOT NULL,
  PRIMARY KEY (`id`),
  UNIQUE KEY `name` (`name`)
) ENGINE=InnoDB AUTO_INCREMENT=51 DEFAULT CHARSET=utf8 COLLATE=utf8_unicode_ci;

INSERT INTO `communites` (`id`, `name`) VALUES (45, 'bbefcsri');
INSERT INTO `communites` (`id`, `name`) VALUES (8, 'btzsjwmj');
INSERT INTO `communites` (`id`, `name`) VALUES (20, 'crdusbry');
INSERT INTO `communites` (`id`, `name`) VALUES (47, 'csztqlwu');
INSERT INTO `communites` (`id`, `name`) VALUES (10, 'cuvttlop');
INSERT INTO `communites` (`id`, `name`) VALUES (11, 'diajutjw');
INSERT INTO `communites` (`id`, `name`) VALUES (42, 'dvvkijby');
INSERT INTO `communites` (`id`, `name`) VALUES (43, 'ecpcqfkj');
INSERT INTO `communites` (`id`, `name`) VALUES (27, 'egiydqqa');
INSERT INTO `communites` (`id`, `name`) VALUES (12, 'flztnznt');
INSERT INTO `communites` (`id`, `name`) VALUES (13, 'fxaaitna');
INSERT INTO `communites` (`id`, `name`) VALUES (7, 'gmudchuv');
INSERT INTO `communites` (`id`, `name`) VALUES (40, 'hayphypu');
INSERT INTO `communites` (`id`, `name`) VALUES (3, 'hjwwtrxx');
INSERT INTO `communites` (`id`, `name`) VALUES (44, 'iczefspb');
INSERT INTO `communites` (`id`, `name`) VALUES (15, 'irchsmue');
INSERT INTO `communites` (`id`, `name`) VALUES (26, 'iurlagjw');
INSERT INTO `communites` (`id`, `name`) VALUES (17, 'iwluljoe');
INSERT INTO `communites` (`id`, `name`) VALUES (28, 'iwygmckn');
INSERT INTO `communites` (`id`, `name`) VALUES (33, 'iztmvqyd');
INSERT INTO `communites` (`id`, `name`) VALUES (18, 'jrtkixwp');
INSERT INTO `communites` (`id`, `name`) VALUES (21, 'kjnzouyg');
INSERT INTO `communites` (`id`, `name`) VALUES (38, 'kmcnvhxh');
INSERT INTO `communites` (`id`, `name`) VALUES (41, 'ksdzjvvd');
INSERT INTO `communites` (`id`, `name`) VALUES (2, 'kxieletz');
INSERT INTO `communites` (`id`, `name`) VALUES (35, 'kysctnsw');
INSERT INTO `communites` (`id`, `name`) VALUES (19, 'lsfgggfj');
INSERT INTO `communites` (`id`, `name`) VALUES (32, 'marxjopz');
INSERT INTO `communites` (`id`, `name`) VALUES (30, 'oburzwre');
INSERT INTO `communites` (`id`, `name`) VALUES (9, 'ohwejkzt');
INSERT INTO `communites` (`id`, `name`) VALUES (6, 'olrylhds');
INSERT INTO `communites` (`id`, `name`) VALUES (5, 'oocmcuee');
INSERT INTO `communites` (`id`, `name`) VALUES (31, 'qezypebt');
INSERT INTO `communites` (`id`, `name`) VALUES (1, 'qrixqgub');
INSERT INTO `communites` (`id`, `name`) VALUES (23, 'qwqmjwid');
INSERT INTO `communites` (`id`, `name`) VALUES (29, 'tpnrbmqs');
INSERT INTO `communites` (`id`, `name`) VALUES (50, 'uqxnzbkx');
INSERT INTO `communites` (`id`, `name`) VALUES (49, 'uzswqwut');
INSERT INTO `communites` (`id`, `name`) VALUES (4, 'vummhdsx');
INSERT INTO `communites` (`id`, `name`) VALUES (24, 'whwuptsr');
INSERT INTO `communites` (`id`, `name`) VALUES (16, 'wigirwyl');
INSERT INTO `communites` (`id`, `name`) VALUES (46, 'wmqdzoba');
INSERT INTO `communites` (`id`, `name`) VALUES (37, 'wnhbssix');
INSERT INTO `communites` (`id`, `name`) VALUES (39, 'wvzylkwg');
INSERT INTO `communites` (`id`, `name`) VALUES (22, 'xbiogjzn');
INSERT INTO `communites` (`id`, `name`) VALUES (25, 'xnrjwdbz');
INSERT INTO `communites` (`id`, `name`) VALUES (48, 'xubnsebe');
INSERT INTO `communites` (`id`, `name`) VALUES (34, 'xurbukgs');
INSERT INTO `communites` (`id`, `name`) VALUES (36, 'ydmfpdxz');
INSERT INTO `communites` (`id`, `name`) VALUES (14, 'yxesfpra');


#
# TABLE STRUCTURE FOR: communites_users
#

DROP TABLE IF EXISTS `communites_users`;

CREATE TABLE `communites_users` (
  `community_id` int(10) unsigned NOT NULL,
  `user_id` int(10) unsigned NOT NULL,
  PRIMARY KEY (`community_id`,`user_id`)
) ENGINE=InnoDB DEFAULT CHARSET=utf8 COLLATE=utf8_unicode_ci;

INSERT INTO `communites_users` (`community_id`, `user_id`) VALUES (1, 10);
INSERT INTO `communites_users` (`community_id`, `user_id`) VALUES (1, 99);
INSERT INTO `communites_users` (`community_id`, `user_id`) VALUES (3, 12);
INSERT INTO `communites_users` (`community_id`, `user_id`) VALUES (3, 27);
INSERT INTO `communites_users` (`community_id`, `user_id`) VALUES (3, 82);
INSERT INTO `communites_users` (`community_id`, `user_id`) VALUES (3, 99);
INSERT INTO `communites_users` (`community_id`, `user_id`) VALUES (4, 18);
INSERT INTO `communites_users` (`community_id`, `user_id`) VALUES (5, 23);
INSERT INTO `communites_users` (`community_id`, `user_id`) VALUES (5, 67);
INSERT INTO `communites_users` (`community_id`, `user_id`) VALUES (5, 74);
INSERT INTO `communites_users` (`community_id`, `user_id`) VALUES (6, 9);
INSERT INTO `communites_users` (`community_id`, `user_id`) VALUES (6, 67);
INSERT INTO `communites_users` (`community_id`, `user_id`) VALUES (7, 51);
INSERT INTO `communites_users` (`community_id`, `user_id`) VALUES (7, 78);
INSERT INTO `communites_users` (`community_id`, `user_id`) VALUES (8, 33);
INSERT INTO `communites_users` (`community_id`, `user_id`) VALUES (8, 69);
INSERT INTO `communites_users` (`community_id`, `user_id`) VALUES (8, 90);
INSERT INTO `communites_users` (`community_id`, `user_id`) VALUES (9, 59);
INSERT INTO `communites_users` (`community_id`, `user_id`) VALUES (9, 69);
INSERT INTO `communites_users` (`community_id`, `user_id`) VALUES (9, 96);
INSERT INTO `communites_users` (`community_id`, `user_id`) VALUES (10, 39);
INSERT INTO `communites_users` (`community_id`, `user_id`) VALUES (11, 21);
INSERT INTO `communites_users` (`community_id`, `user_id`) VALUES (14, 44);
INSERT INTO `communites_users` (`community_id`, `user_id`) VALUES (14, 70);
INSERT INTO `communites_users` (`community_id`, `user_id`) VALUES (14, 72);
INSERT INTO `communites_users` (`community_id`, `user_id`) VALUES (15, 13);
INSERT INTO `communites_users` (`community_id`, `user_id`) VALUES (15, 17);
INSERT INTO `communites_users` (`community_id`, `user_id`) VALUES (15, 61);
INSERT INTO `communites_users` (`community_id`, `user_id`) VALUES (15, 63);
INSERT INTO `communites_users` (`community_id`, `user_id`) VALUES (15, 71);
INSERT INTO `communites_users` (`community_id`, `user_id`) VALUES (16, 22);
INSERT INTO `communites_users` (`community_id`, `user_id`) VALUES (17, 41);
INSERT INTO `communites_users` (`community_id`, `user_id`) VALUES (17, 49);
INSERT INTO `communites_users` (`community_id`, `user_id`) VALUES (17, 56);
INSERT INTO `communites_users` (`community_id`, `user_id`) VALUES (19, 11);
INSERT INTO `communites_users` (`community_id`, `user_id`) VALUES (20, 73);
INSERT INTO `communites_users` (`community_id`, `user_id`) VALUES (21, 33);
INSERT INTO `communites_users` (`community_id`, `user_id`) VALUES (21, 66);
INSERT INTO `communites_users` (`community_id`, `user_id`) VALUES (22, 24);
INSERT INTO `communites_users` (`community_id`, `user_id`) VALUES (24, 5);
INSERT INTO `communites_users` (`community_id`, `user_id`) VALUES (24, 95);
INSERT INTO `communites_users` (`community_id`, `user_id`) VALUES (25, 76);
INSERT INTO `communites_users` (`community_id`, `user_id`) VALUES (26, 7);
INSERT INTO `communites_users` (`community_id`, `user_id`) VALUES (26, 55);
INSERT INTO `communites_users` (`community_id`, `user_id`) VALUES (26, 79);
INSERT INTO `communites_users` (`community_id`, `user_id`) VALUES (26, 96);
INSERT INTO `communites_users` (`community_id`, `user_id`) VALUES (26, 99);
INSERT INTO `communites_users` (`community_id`, `user_id`) VALUES (27, 2);
INSERT INTO `communites_users` (`community_id`, `user_id`) VALUES (28, 42);
INSERT INTO `communites_users` (`community_id`, `user_id`) VALUES (28, 93);
INSERT INTO `communites_users` (`community_id`, `user_id`) VALUES (28, 100);
INSERT INTO `communites_users` (`community_id`, `user_id`) VALUES (29, 39);
INSERT INTO `communites_users` (`community_id`, `user_id`) VALUES (30, 31);
INSERT INTO `communites_users` (`community_id`, `user_id`) VALUES (30, 40);
INSERT INTO `communites_users` (`community_id`, `user_id`) VALUES (31, 1);
INSERT INTO `communites_users` (`community_id`, `user_id`) VALUES (32, 41);
INSERT INTO `communites_users` (`community_id`, `user_id`) VALUES (32, 44);
INSERT INTO `communites_users` (`community_id`, `user_id`) VALUES (32, 58);
INSERT INTO `communites_users` (`community_id`, `user_id`) VALUES (33, 2);
INSERT INTO `communites_users` (`community_id`, `user_id`) VALUES (33, 54);
INSERT INTO `communites_users` (`community_id`, `user_id`) VALUES (33, 89);
INSERT INTO `communites_users` (`community_id`, `user_id`) VALUES (34, 6);
INSERT INTO `communites_users` (`community_id`, `user_id`) VALUES (34, 57);
INSERT INTO `communites_users` (`community_id`, `user_id`) VALUES (34, 75);
INSERT INTO `communites_users` (`community_id`, `user_id`) VALUES (34, 80);
INSERT INTO `communites_users` (`community_id`, `user_id`) VALUES (35, 23);
INSERT INTO `communites_users` (`community_id`, `user_id`) VALUES (35, 69);
INSERT INTO `communites_users` (`community_id`, `user_id`) VALUES (36, 10);
INSERT INTO `communites_users` (`community_id`, `user_id`) VALUES (36, 24);
INSERT INTO `communites_users` (`community_id`, `user_id`) VALUES (36, 30);
INSERT INTO `communites_users` (`community_id`, `user_id`) VALUES (36, 36);
INSERT INTO `communites_users` (`community_id`, `user_id`) VALUES (36, 87);
INSERT INTO `communites_users` (`community_id`, `user_id`) VALUES (36, 90);
INSERT INTO `communites_users` (`community_id`, `user_id`) VALUES (37, 47);
INSERT INTO `communites_users` (`community_id`, `user_id`) VALUES (38, 4);
INSERT INTO `communites_users` (`community_id`, `user_id`) VALUES (38, 33);
INSERT INTO `communites_users` (`community_id`, `user_id`) VALUES (38, 40);
INSERT INTO `communites_users` (`community_id`, `user_id`) VALUES (38, 62);
INSERT INTO `communites_users` (`community_id`, `user_id`) VALUES (40, 18);
INSERT INTO `communites_users` (`community_id`, `user_id`) VALUES (40, 72);
INSERT INTO `communites_users` (`community_id`, `user_id`) VALUES (40, 77);
INSERT INTO `communites_users` (`community_id`, `user_id`) VALUES (41, 28);
INSERT INTO `communites_users` (`community_id`, `user_id`) VALUES (41, 71);
INSERT INTO `communites_users` (`community_id`, `user_id`) VALUES (41, 76);
INSERT INTO `communites_users` (`community_id`, `user_id`) VALUES (42, 8);
INSERT INTO `communites_users` (`community_id`, `user_id`) VALUES (42, 88);
INSERT INTO `communites_users` (`community_id`, `user_id`) VALUES (43, 66);
INSERT INTO `communites_users` (`community_id`, `user_id`) VALUES (43, 73);
INSERT INTO `communites_users` (`community_id`, `user_id`) VALUES (43, 84);
INSERT INTO `communites_users` (`community_id`, `user_id`) VALUES (44, 46);
INSERT INTO `communites_users` (`community_id`, `user_id`) VALUES (45, 19);
INSERT INTO `communites_users` (`community_id`, `user_id`) VALUES (46, 14);
INSERT INTO `communites_users` (`community_id`, `user_id`) VALUES (47, 68);
INSERT INTO `communites_users` (`community_id`, `user_id`) VALUES (49, 63);
INSERT INTO `communites_users` (`community_id`, `user_id`) VALUES (49, 70);
INSERT INTO `communites_users` (`community_id`, `user_id`) VALUES (50, 29);
INSERT INTO `communites_users` (`community_id`, `user_id`) VALUES (50, 37);
INSERT INTO `communites_users` (`community_id`, `user_id`) VALUES (50, 39);


#
# TABLE STRUCTURE FOR: friendship
#

DROP TABLE IF EXISTS `friendship`;

CREATE TABLE `friendship` (
  `user_id` int(10) unsigned NOT NULL,
  `friend_id` int(10) unsigned NOT NULL,
  `status_id` int(10) unsigned NOT NULL,
  `request_at` datetime DEFAULT current_timestamp(),
  `confirmed_at` datetime DEFAULT NULL,
  PRIMARY KEY (`user_id`,`friend_id`)
) ENGINE=InnoDB DEFAULT CHARSET=utf8 COLLATE=utf8_unicode_ci;

INSERT INTO `friendship` (`user_id`, `friend_id`, `status_id`, `request_at`, `confirmed_at`) VALUES (2, 14, 10, '1972-04-07 08:51:29', '1986-02-28 16:04:42');
INSERT INTO `friendship` (`user_id`, `friend_id`, `status_id`, `request_at`, `confirmed_at`) VALUES (2, 18, 15, '1991-03-14 04:53:46', '2008-12-21 12:06:03');
INSERT INTO `friendship` (`user_id`, `friend_id`, `status_id`, `request_at`, `confirmed_at`) VALUES (2, 91, 8, '2017-09-06 14:48:34', '1991-02-11 12:39:00');
INSERT INTO `friendship` (`user_id`, `friend_id`, `status_id`, `request_at`, `confirmed_at`) VALUES (5, 57, 9, '2010-12-26 01:42:37', '1986-07-19 23:28:38');
INSERT INTO `friendship` (`user_id`, `friend_id`, `status_id`, `request_at`, `confirmed_at`) VALUES (6, 99, 5, '1975-08-18 01:32:09', '1986-03-17 06:36:12');
INSERT INTO `friendship` (`user_id`, `friend_id`, `status_id`, `request_at`, `confirmed_at`) VALUES (10, 11, 2, '2016-04-07 10:23:59', '1972-10-26 15:24:02');
INSERT INTO `friendship` (`user_id`, `friend_id`, `status_id`, `request_at`, `confirmed_at`) VALUES (10, 76, 12, '1971-09-22 12:07:44', '2008-02-22 10:06:27');
INSERT INTO `friendship` (`user_id`, `friend_id`, `status_id`, `request_at`, `confirmed_at`) VALUES (11, 46, 14, '2015-08-26 04:19:31', '2014-11-06 11:44:12');
INSERT INTO `friendship` (`user_id`, `friend_id`, `status_id`, `request_at`, `confirmed_at`) VALUES (11, 82, 1, '1986-05-17 06:27:59', '2009-08-20 11:50:36');
INSERT INTO `friendship` (`user_id`, `friend_id`, `status_id`, `request_at`, `confirmed_at`) VALUES (12, 30, 6, '1984-06-15 22:04:46', '1971-07-22 22:37:23');
INSERT INTO `friendship` (`user_id`, `friend_id`, `status_id`, `request_at`, `confirmed_at`) VALUES (14, 26, 2, '1983-03-28 06:04:16', '2017-12-05 08:31:46');
INSERT INTO `friendship` (`user_id`, `friend_id`, `status_id`, `request_at`, `confirmed_at`) VALUES (15, 36, 14, '1991-09-23 12:24:42', '2014-09-20 13:14:44');
INSERT INTO `friendship` (`user_id`, `friend_id`, `status_id`, `request_at`, `confirmed_at`) VALUES (16, 39, 15, '1981-01-18 08:52:02', '2012-05-15 01:24:55');
INSERT INTO `friendship` (`user_id`, `friend_id`, `status_id`, `request_at`, `confirmed_at`) VALUES (17, 55, 4, '1985-07-26 21:59:33', '1990-08-17 02:29:19');
INSERT INTO `friendship` (`user_id`, `friend_id`, `status_id`, `request_at`, `confirmed_at`) VALUES (18, 25, 3, '2016-11-23 09:12:53', '1981-01-07 14:22:08');
INSERT INTO `friendship` (`user_id`, `friend_id`, `status_id`, `request_at`, `confirmed_at`) VALUES (21, 42, 11, '2013-08-05 19:46:42', '2007-09-22 11:50:05');
INSERT INTO `friendship` (`user_id`, `friend_id`, `status_id`, `request_at`, `confirmed_at`) VALUES (22, 5, 5, '2004-07-27 19:10:55', '1975-06-07 16:43:25');
INSERT INTO `friendship` (`user_id`, `friend_id`, `status_id`, `request_at`, `confirmed_at`) VALUES (22, 76, 3, '1995-09-18 10:11:53', '1999-05-12 15:47:58');
INSERT INTO `friendship` (`user_id`, `friend_id`, `status_id`, `request_at`, `confirmed_at`) VALUES (23, 25, 7, '1980-05-31 00:52:25', '1987-06-04 18:20:24');
INSERT INTO `friendship` (`user_id`, `friend_id`, `status_id`, `request_at`, `confirmed_at`) VALUES (23, 33, 15, '2017-10-28 15:14:43', '1980-07-14 15:48:30');
INSERT INTO `friendship` (`user_id`, `friend_id`, `status_id`, `request_at`, `confirmed_at`) VALUES (24, 77, 9, '1987-05-01 18:54:30', '2015-01-08 11:13:55');
INSERT INTO `friendship` (`user_id`, `friend_id`, `status_id`, `request_at`, `confirmed_at`) VALUES (24, 94, 14, '2007-01-19 05:11:05', '2005-03-04 14:05:50');
INSERT INTO `friendship` (`user_id`, `friend_id`, `status_id`, `request_at`, `confirmed_at`) VALUES (25, 49, 10, '2016-04-19 19:38:59', '1980-08-26 15:15:47');
INSERT INTO `friendship` (`user_id`, `friend_id`, `status_id`, `request_at`, `confirmed_at`) VALUES (25, 55, 9, '2008-06-02 08:12:50', '2015-02-12 20:07:51');
INSERT INTO `friendship` (`user_id`, `friend_id`, `status_id`, `request_at`, `confirmed_at`) VALUES (30, 70, 12, '1999-08-20 06:34:41', '1986-04-28 06:59:08');
INSERT INTO `friendship` (`user_id`, `friend_id`, `status_id`, `request_at`, `confirmed_at`) VALUES (32, 4, 13, '2001-03-23 17:31:06', '1974-09-13 01:08:34');
INSERT INTO `friendship` (`user_id`, `friend_id`, `status_id`, `request_at`, `confirmed_at`) VALUES (32, 76, 10, '1976-04-02 19:13:29', '1989-05-17 08:59:23');
INSERT INTO `friendship` (`user_id`, `friend_id`, `status_id`, `request_at`, `confirmed_at`) VALUES (32, 85, 7, '1987-07-13 11:14:19', '1981-05-26 12:59:19');
INSERT INTO `friendship` (`user_id`, `friend_id`, `status_id`, `request_at`, `confirmed_at`) VALUES (35, 12, 11, '1993-12-05 19:08:54', '1982-09-13 10:12:41');
INSERT INTO `friendship` (`user_id`, `friend_id`, `status_id`, `request_at`, `confirmed_at`) VALUES (35, 25, 11, '2002-11-21 09:00:27', '2004-02-03 11:56:54');
INSERT INTO `friendship` (`user_id`, `friend_id`, `status_id`, `request_at`, `confirmed_at`) VALUES (36, 93, 13, '1995-02-15 07:47:11', '2000-05-14 14:19:26');
INSERT INTO `friendship` (`user_id`, `friend_id`, `status_id`, `request_at`, `confirmed_at`) VALUES (37, 18, 7, '2006-12-02 16:18:07', '1985-01-27 17:21:48');
INSERT INTO `friendship` (`user_id`, `friend_id`, `status_id`, `request_at`, `confirmed_at`) VALUES (37, 34, 14, '1976-05-29 19:04:24', '2017-10-26 07:00:13');
INSERT INTO `friendship` (`user_id`, `friend_id`, `status_id`, `request_at`, `confirmed_at`) VALUES (37, 54, 6, '2015-04-28 05:37:15', '2017-03-17 18:38:16');
INSERT INTO `friendship` (`user_id`, `friend_id`, `status_id`, `request_at`, `confirmed_at`) VALUES (37, 95, 13, '1990-02-13 15:50:19', '2006-08-26 16:31:03');
INSERT INTO `friendship` (`user_id`, `friend_id`, `status_id`, `request_at`, `confirmed_at`) VALUES (38, 59, 3, '1992-07-03 03:51:55', '1979-10-14 14:05:02');
INSERT INTO `friendship` (`user_id`, `friend_id`, `status_id`, `request_at`, `confirmed_at`) VALUES (40, 28, 13, '1985-01-16 15:56:52', '1971-11-11 13:57:32');
INSERT INTO `friendship` (`user_id`, `friend_id`, `status_id`, `request_at`, `confirmed_at`) VALUES (40, 80, 11, '1989-06-09 16:25:18', '1992-01-11 18:08:17');
INSERT INTO `friendship` (`user_id`, `friend_id`, `status_id`, `request_at`, `confirmed_at`) VALUES (41, 56, 1, '2004-12-13 03:04:33', '2006-07-07 08:18:29');
INSERT INTO `friendship` (`user_id`, `friend_id`, `status_id`, `request_at`, `confirmed_at`) VALUES (43, 70, 7, '1984-08-26 04:49:54', '1977-07-05 15:16:17');
INSERT INTO `friendship` (`user_id`, `friend_id`, `status_id`, `request_at`, `confirmed_at`) VALUES (44, 92, 14, '2000-02-29 21:55:36', '2012-09-30 19:35:51');
INSERT INTO `friendship` (`user_id`, `friend_id`, `status_id`, `request_at`, `confirmed_at`) VALUES (45, 30, 3, '1997-11-27 02:09:28', '1981-11-23 23:52:38');
INSERT INTO `friendship` (`user_id`, `friend_id`, `status_id`, `request_at`, `confirmed_at`) VALUES (45, 67, 3, '1989-09-22 02:50:07', '1988-06-13 05:30:41');
INSERT INTO `friendship` (`user_id`, `friend_id`, `status_id`, `request_at`, `confirmed_at`) VALUES (46, 14, 10, '1993-05-19 08:42:23', '2002-12-02 04:31:11');
INSERT INTO `friendship` (`user_id`, `friend_id`, `status_id`, `request_at`, `confirmed_at`) VALUES (46, 25, 10, '1975-05-23 18:13:19', '2008-08-16 14:31:46');
INSERT INTO `friendship` (`user_id`, `friend_id`, `status_id`, `request_at`, `confirmed_at`) VALUES (46, 74, 1, '1981-01-06 15:41:59', '2000-07-08 21:45:00');
INSERT INTO `friendship` (`user_id`, `friend_id`, `status_id`, `request_at`, `confirmed_at`) VALUES (47, 3, 15, '1987-03-18 07:10:31', '1990-10-20 22:16:23');
INSERT INTO `friendship` (`user_id`, `friend_id`, `status_id`, `request_at`, `confirmed_at`) VALUES (48, 58, 2, '2006-03-14 17:40:28', '2002-04-17 12:41:22');
INSERT INTO `friendship` (`user_id`, `friend_id`, `status_id`, `request_at`, `confirmed_at`) VALUES (48, 67, 1, '1977-08-15 12:42:20', '1984-10-06 07:32:48');
INSERT INTO `friendship` (`user_id`, `friend_id`, `status_id`, `request_at`, `confirmed_at`) VALUES (48, 94, 2, '1990-09-24 01:29:47', '1989-09-06 22:34:53');
INSERT INTO `friendship` (`user_id`, `friend_id`, `status_id`, `request_at`, `confirmed_at`) VALUES (51, 57, 6, '2014-08-27 14:15:00', '2014-09-01 00:22:41');
INSERT INTO `friendship` (`user_id`, `friend_id`, `status_id`, `request_at`, `confirmed_at`) VALUES (52, 15, 9, '2005-01-07 14:03:36', '1988-02-06 05:25:37');
INSERT INTO `friendship` (`user_id`, `friend_id`, `status_id`, `request_at`, `confirmed_at`) VALUES (52, 66, 10, '1998-07-16 17:16:56', '1976-12-10 20:50:24');
INSERT INTO `friendship` (`user_id`, `friend_id`, `status_id`, `request_at`, `confirmed_at`) VALUES (52, 94, 11, '1996-03-14 16:13:15', '2011-07-22 23:04:21');
INSERT INTO `friendship` (`user_id`, `friend_id`, `status_id`, `request_at`, `confirmed_at`) VALUES (53, 39, 2, '2019-04-05 06:23:50', '1986-07-15 21:30:53');
INSERT INTO `friendship` (`user_id`, `friend_id`, `status_id`, `request_at`, `confirmed_at`) VALUES (53, 93, 13, '1995-03-06 14:52:00', '1987-02-08 17:04:21');
INSERT INTO `friendship` (`user_id`, `friend_id`, `status_id`, `request_at`, `confirmed_at`) VALUES (54, 62, 1, '2008-05-04 01:11:15', '2017-07-10 01:11:59');
INSERT INTO `friendship` (`user_id`, `friend_id`, `status_id`, `request_at`, `confirmed_at`) VALUES (54, 90, 14, '1976-12-19 13:55:46', '2009-03-12 12:49:17');
INSERT INTO `friendship` (`user_id`, `friend_id`, `status_id`, `request_at`, `confirmed_at`) VALUES (56, 47, 11, '1985-11-25 16:55:36', '1975-08-26 09:30:26');
INSERT INTO `friendship` (`user_id`, `friend_id`, `status_id`, `request_at`, `confirmed_at`) VALUES (56, 76, 3, '1996-11-17 19:54:57', '1993-07-07 11:35:57');
INSERT INTO `friendship` (`user_id`, `friend_id`, `status_id`, `request_at`, `confirmed_at`) VALUES (57, 18, 13, '1993-11-05 18:38:09', '2011-09-27 17:48:12');
INSERT INTO `friendship` (`user_id`, `friend_id`, `status_id`, `request_at`, `confirmed_at`) VALUES (58, 32, 8, '1995-02-07 23:35:31', '1970-07-05 13:50:55');
INSERT INTO `friendship` (`user_id`, `friend_id`, `status_id`, `request_at`, `confirmed_at`) VALUES (58, 57, 14, '1992-10-13 03:10:08', '2002-07-30 09:50:36');
INSERT INTO `friendship` (`user_id`, `friend_id`, `status_id`, `request_at`, `confirmed_at`) VALUES (58, 60, 10, '1973-07-01 13:59:58', '1996-03-20 23:31:11');
INSERT INTO `friendship` (`user_id`, `friend_id`, `status_id`, `request_at`, `confirmed_at`) VALUES (58, 88, 10, '1970-11-30 20:20:18', '1992-01-20 16:32:23');
INSERT INTO `friendship` (`user_id`, `friend_id`, `status_id`, `request_at`, `confirmed_at`) VALUES (60, 2, 15, '2011-11-21 21:22:43', '2019-07-17 18:40:31');
INSERT INTO `friendship` (`user_id`, `friend_id`, `status_id`, `request_at`, `confirmed_at`) VALUES (63, 35, 6, '1981-06-27 03:14:35', '1996-05-20 06:02:52');
INSERT INTO `friendship` (`user_id`, `friend_id`, `status_id`, `request_at`, `confirmed_at`) VALUES (64, 40, 4, '1975-07-09 13:53:51', '2003-01-08 03:51:31');
INSERT INTO `friendship` (`user_id`, `friend_id`, `status_id`, `request_at`, `confirmed_at`) VALUES (65, 23, 4, '1979-05-21 19:59:39', '2017-04-04 01:50:22');
INSERT INTO `friendship` (`user_id`, `friend_id`, `status_id`, `request_at`, `confirmed_at`) VALUES (66, 20, 4, '1976-04-03 18:23:54', '1993-03-31 04:35:11');
INSERT INTO `friendship` (`user_id`, `friend_id`, `status_id`, `request_at`, `confirmed_at`) VALUES (66, 77, 5, '2013-10-16 15:53:40', '2008-01-03 03:21:11');
INSERT INTO `friendship` (`user_id`, `friend_id`, `status_id`, `request_at`, `confirmed_at`) VALUES (68, 19, 8, '2011-01-31 06:47:14', '1993-05-05 22:30:15');
INSERT INTO `friendship` (`user_id`, `friend_id`, `status_id`, `request_at`, `confirmed_at`) VALUES (68, 78, 10, '2013-02-13 12:51:09', '1980-12-16 09:31:24');
INSERT INTO `friendship` (`user_id`, `friend_id`, `status_id`, `request_at`, `confirmed_at`) VALUES (70, 19, 2, '1975-07-13 19:06:22', '2007-11-04 01:08:17');
INSERT INTO `friendship` (`user_id`, `friend_id`, `status_id`, `request_at`, `confirmed_at`) VALUES (72, 50, 6, '1997-06-29 04:27:02', '2011-06-19 00:26:33');
INSERT INTO `friendship` (`user_id`, `friend_id`, `status_id`, `request_at`, `confirmed_at`) VALUES (73, 63, 15, '1978-11-08 01:05:03', '1975-01-29 11:33:08');
INSERT INTO `friendship` (`user_id`, `friend_id`, `status_id`, `request_at`, `confirmed_at`) VALUES (74, 46, 13, '2013-01-13 19:35:08', '2010-07-11 19:36:09');
INSERT INTO `friendship` (`user_id`, `friend_id`, `status_id`, `request_at`, `confirmed_at`) VALUES (77, 75, 10, '2017-07-26 22:54:38', '1996-03-01 09:45:27');
INSERT INTO `friendship` (`user_id`, `friend_id`, `status_id`, `request_at`, `confirmed_at`) VALUES (78, 40, 13, '1985-03-28 10:45:18', '1997-07-16 14:52:00');
INSERT INTO `friendship` (`user_id`, `friend_id`, `status_id`, `request_at`, `confirmed_at`) VALUES (78, 75, 5, '1979-07-28 10:08:33', '1972-03-04 07:38:27');
INSERT INTO `friendship` (`user_id`, `friend_id`, `status_id`, `request_at`, `confirmed_at`) VALUES (79, 60, 10, '1971-03-17 15:14:14', '1978-02-26 16:13:55');
INSERT INTO `friendship` (`user_id`, `friend_id`, `status_id`, `request_at`, `confirmed_at`) VALUES (80, 30, 15, '1993-12-11 05:40:51', '1983-05-12 18:08:23');
INSERT INTO `friendship` (`user_id`, `friend_id`, `status_id`, `request_at`, `confirmed_at`) VALUES (80, 74, 13, '1983-05-29 11:50:43', '2016-07-23 02:58:43');
INSERT INTO `friendship` (`user_id`, `friend_id`, `status_id`, `request_at`, `confirmed_at`) VALUES (83, 23, 15, '2005-01-09 09:25:26', '2016-09-10 11:02:49');
INSERT INTO `friendship` (`user_id`, `friend_id`, `status_id`, `request_at`, `confirmed_at`) VALUES (83, 43, 13, '2016-02-26 05:56:37', '2006-02-08 05:49:55');
INSERT INTO `friendship` (`user_id`, `friend_id`, `status_id`, `request_at`, `confirmed_at`) VALUES (84, 4, 12, '1971-03-15 01:08:58', '1985-10-24 23:46:01');
INSERT INTO `friendship` (`user_id`, `friend_id`, `status_id`, `request_at`, `confirmed_at`) VALUES (86, 74, 7, '2011-02-28 16:54:42', '2015-10-13 22:19:57');
INSERT INTO `friendship` (`user_id`, `friend_id`, `status_id`, `request_at`, `confirmed_at`) VALUES (86, 82, 5, '1995-03-18 11:24:50', '2018-03-24 01:13:07');
INSERT INTO `friendship` (`user_id`, `friend_id`, `status_id`, `request_at`, `confirmed_at`) VALUES (86, 100, 3, '1976-04-21 21:15:56', '2006-10-08 22:30:50');
INSERT INTO `friendship` (`user_id`, `friend_id`, `status_id`, `request_at`, `confirmed_at`) VALUES (87, 10, 1, '1978-07-02 18:07:21', '1975-04-11 23:08:02');
INSERT INTO `friendship` (`user_id`, `friend_id`, `status_id`, `request_at`, `confirmed_at`) VALUES (88, 26, 15, '1986-10-13 12:31:29', '2015-12-12 02:16:06');
INSERT INTO `friendship` (`user_id`, `friend_id`, `status_id`, `request_at`, `confirmed_at`) VALUES (89, 48, 6, '2011-09-06 00:21:13', '1999-04-12 13:33:53');
INSERT INTO `friendship` (`user_id`, `friend_id`, `status_id`, `request_at`, `confirmed_at`) VALUES (91, 23, 12, '1975-01-29 07:24:19', '1988-01-31 23:14:40');
INSERT INTO `friendship` (`user_id`, `friend_id`, `status_id`, `request_at`, `confirmed_at`) VALUES (91, 41, 12, '1981-09-11 07:06:06', '2014-11-09 03:53:01');
INSERT INTO `friendship` (`user_id`, `friend_id`, `status_id`, `request_at`, `confirmed_at`) VALUES (92, 88, 3, '1982-04-14 23:16:04', '2012-08-28 03:13:16');
INSERT INTO `friendship` (`user_id`, `friend_id`, `status_id`, `request_at`, `confirmed_at`) VALUES (93, 42, 15, '2008-02-12 19:56:34', '1995-10-02 01:58:16');
INSERT INTO `friendship` (`user_id`, `friend_id`, `status_id`, `request_at`, `confirmed_at`) VALUES (94, 85, 3, '2004-01-27 03:58:59', '1983-05-04 09:33:09');
INSERT INTO `friendship` (`user_id`, `friend_id`, `status_id`, `request_at`, `confirmed_at`) VALUES (100, 42, 14, '1971-07-14 07:44:17', '1990-04-26 17:04:46');
INSERT INTO `friendship` (`user_id`, `friend_id`, `status_id`, `request_at`, `confirmed_at`) VALUES (100, 57, 3, '1997-11-14 07:53:05', '1977-01-17 14:58:21');


#
# TABLE STRUCTURE FOR: likes_to_media
#

DROP TABLE IF EXISTS `likes_to_media`;

CREATE TABLE `likes_to_media` (
  `id` int(10) unsigned NOT NULL AUTO_INCREMENT,
  `user_id` int(10) unsigned NOT NULL,
  `media_id` int(10) unsigned NOT NULL,
  `like_type` tinyint(1) DEFAULT NULL,
  PRIMARY KEY (`id`)
) ENGINE=InnoDB AUTO_INCREMENT=201 DEFAULT CHARSET=utf8 COLLATE=utf8_unicode_ci;

INSERT INTO `likes_to_media` (`id`, `user_id`, `media_id`, `like_type`) VALUES (1, 67, 6, 1);
INSERT INTO `likes_to_media` (`id`, `user_id`, `media_id`, `like_type`) VALUES (2, 66, 34, 1);
INSERT INTO `likes_to_media` (`id`, `user_id`, `media_id`, `like_type`) VALUES (3, 1, 66, 1);
INSERT INTO `likes_to_media` (`id`, `user_id`, `media_id`, `like_type`) VALUES (4, 98, 44, 1);
INSERT INTO `likes_to_media` (`id`, `user_id`, `media_id`, `like_type`) VALUES (5, 3, 29, 1);
INSERT INTO `likes_to_media` (`id`, `user_id`, `media_id`, `like_type`) VALUES (6, 24, 45, 0);
INSERT INTO `likes_to_media` (`id`, `user_id`, `media_id`, `like_type`) VALUES (7, 89, 11, 1);
INSERT INTO `likes_to_media` (`id`, `user_id`, `media_id`, `like_type`) VALUES (8, 69, 7, 0);
INSERT INTO `likes_to_media` (`id`, `user_id`, `media_id`, `like_type`) VALUES (9, 13, 80, 1);
INSERT INTO `likes_to_media` (`id`, `user_id`, `media_id`, `like_type`) VALUES (10, 92, 61, 1);
INSERT INTO `likes_to_media` (`id`, `user_id`, `media_id`, `like_type`) VALUES (11, 70, 59, 1);
INSERT INTO `likes_to_media` (`id`, `user_id`, `media_id`, `like_type`) VALUES (12, 3, 99, 0);
INSERT INTO `likes_to_media` (`id`, `user_id`, `media_id`, `like_type`) VALUES (13, 61, 91, 1);
INSERT INTO `likes_to_media` (`id`, `user_id`, `media_id`, `like_type`) VALUES (14, 85, 14, 0);
INSERT INTO `likes_to_media` (`id`, `user_id`, `media_id`, `like_type`) VALUES (15, 45, 92, 0);
INSERT INTO `likes_to_media` (`id`, `user_id`, `media_id`, `like_type`) VALUES (16, 41, 12, 0);
INSERT INTO `likes_to_media` (`id`, `user_id`, `media_id`, `like_type`) VALUES (17, 97, 6, 1);
INSERT INTO `likes_to_media` (`id`, `user_id`, `media_id`, `like_type`) VALUES (18, 45, 97, 1);
INSERT INTO `likes_to_media` (`id`, `user_id`, `media_id`, `like_type`) VALUES (19, 72, 43, 1);
INSERT INTO `likes_to_media` (`id`, `user_id`, `media_id`, `like_type`) VALUES (20, 41, 75, 0);
INSERT INTO `likes_to_media` (`id`, `user_id`, `media_id`, `like_type`) VALUES (21, 71, 65, 0);
INSERT INTO `likes_to_media` (`id`, `user_id`, `media_id`, `like_type`) VALUES (22, 19, 60, 1);
INSERT INTO `likes_to_media` (`id`, `user_id`, `media_id`, `like_type`) VALUES (23, 76, 88, 1);
INSERT INTO `likes_to_media` (`id`, `user_id`, `media_id`, `like_type`) VALUES (24, 67, 89, 1);
INSERT INTO `likes_to_media` (`id`, `user_id`, `media_id`, `like_type`) VALUES (25, 67, 59, 0);
INSERT INTO `likes_to_media` (`id`, `user_id`, `media_id`, `like_type`) VALUES (26, 49, 37, 1);
INSERT INTO `likes_to_media` (`id`, `user_id`, `media_id`, `like_type`) VALUES (27, 17, 52, 1);
INSERT INTO `likes_to_media` (`id`, `user_id`, `media_id`, `like_type`) VALUES (28, 36, 77, 0);
INSERT INTO `likes_to_media` (`id`, `user_id`, `media_id`, `like_type`) VALUES (29, 42, 20, 0);
INSERT INTO `likes_to_media` (`id`, `user_id`, `media_id`, `like_type`) VALUES (30, 90, 86, 1);
INSERT INTO `likes_to_media` (`id`, `user_id`, `media_id`, `like_type`) VALUES (31, 11, 31, 0);
INSERT INTO `likes_to_media` (`id`, `user_id`, `media_id`, `like_type`) VALUES (32, 98, 8, 0);
INSERT INTO `likes_to_media` (`id`, `user_id`, `media_id`, `like_type`) VALUES (33, 36, 42, 1);
INSERT INTO `likes_to_media` (`id`, `user_id`, `media_id`, `like_type`) VALUES (34, 5, 8, 1);
INSERT INTO `likes_to_media` (`id`, `user_id`, `media_id`, `like_type`) VALUES (35, 84, 46, 1);
INSERT INTO `likes_to_media` (`id`, `user_id`, `media_id`, `like_type`) VALUES (36, 82, 55, 1);
INSERT INTO `likes_to_media` (`id`, `user_id`, `media_id`, `like_type`) VALUES (37, 11, 1, 0);
INSERT INTO `likes_to_media` (`id`, `user_id`, `media_id`, `like_type`) VALUES (38, 14, 86, 0);
INSERT INTO `likes_to_media` (`id`, `user_id`, `media_id`, `like_type`) VALUES (39, 89, 80, 0);
INSERT INTO `likes_to_media` (`id`, `user_id`, `media_id`, `like_type`) VALUES (40, 75, 56, 0);
INSERT INTO `likes_to_media` (`id`, `user_id`, `media_id`, `like_type`) VALUES (41, 38, 24, 0);
INSERT INTO `likes_to_media` (`id`, `user_id`, `media_id`, `like_type`) VALUES (42, 92, 54, 1);
INSERT INTO `likes_to_media` (`id`, `user_id`, `media_id`, `like_type`) VALUES (43, 75, 28, 1);
INSERT INTO `likes_to_media` (`id`, `user_id`, `media_id`, `like_type`) VALUES (44, 31, 16, 0);
INSERT INTO `likes_to_media` (`id`, `user_id`, `media_id`, `like_type`) VALUES (45, 47, 20, 1);
INSERT INTO `likes_to_media` (`id`, `user_id`, `media_id`, `like_type`) VALUES (46, 2, 58, 0);
INSERT INTO `likes_to_media` (`id`, `user_id`, `media_id`, `like_type`) VALUES (47, 50, 99, 1);
INSERT INTO `likes_to_media` (`id`, `user_id`, `media_id`, `like_type`) VALUES (48, 66, 86, 0);
INSERT INTO `likes_to_media` (`id`, `user_id`, `media_id`, `like_type`) VALUES (49, 41, 70, 1);
INSERT INTO `likes_to_media` (`id`, `user_id`, `media_id`, `like_type`) VALUES (50, 93, 25, 0);
INSERT INTO `likes_to_media` (`id`, `user_id`, `media_id`, `like_type`) VALUES (51, 15, 75, 0);
INSERT INTO `likes_to_media` (`id`, `user_id`, `media_id`, `like_type`) VALUES (52, 80, 26, 1);
INSERT INTO `likes_to_media` (`id`, `user_id`, `media_id`, `like_type`) VALUES (53, 75, 93, 0);
INSERT INTO `likes_to_media` (`id`, `user_id`, `media_id`, `like_type`) VALUES (54, 12, 64, 1);
INSERT INTO `likes_to_media` (`id`, `user_id`, `media_id`, `like_type`) VALUES (55, 73, 86, 0);
INSERT INTO `likes_to_media` (`id`, `user_id`, `media_id`, `like_type`) VALUES (56, 19, 11, 1);
INSERT INTO `likes_to_media` (`id`, `user_id`, `media_id`, `like_type`) VALUES (57, 10, 11, 1);
INSERT INTO `likes_to_media` (`id`, `user_id`, `media_id`, `like_type`) VALUES (58, 65, 84, 1);
INSERT INTO `likes_to_media` (`id`, `user_id`, `media_id`, `like_type`) VALUES (59, 38, 95, 0);
INSERT INTO `likes_to_media` (`id`, `user_id`, `media_id`, `like_type`) VALUES (60, 100, 84, 1);
INSERT INTO `likes_to_media` (`id`, `user_id`, `media_id`, `like_type`) VALUES (61, 14, 1, 1);
INSERT INTO `likes_to_media` (`id`, `user_id`, `media_id`, `like_type`) VALUES (62, 42, 64, 1);
INSERT INTO `likes_to_media` (`id`, `user_id`, `media_id`, `like_type`) VALUES (63, 100, 7, 1);
INSERT INTO `likes_to_media` (`id`, `user_id`, `media_id`, `like_type`) VALUES (64, 49, 40, 0);
INSERT INTO `likes_to_media` (`id`, `user_id`, `media_id`, `like_type`) VALUES (65, 77, 41, 1);
INSERT INTO `likes_to_media` (`id`, `user_id`, `media_id`, `like_type`) VALUES (66, 65, 91, 0);
INSERT INTO `likes_to_media` (`id`, `user_id`, `media_id`, `like_type`) VALUES (67, 15, 44, 0);
INSERT INTO `likes_to_media` (`id`, `user_id`, `media_id`, `like_type`) VALUES (68, 17, 90, 0);
INSERT INTO `likes_to_media` (`id`, `user_id`, `media_id`, `like_type`) VALUES (69, 37, 28, 1);
INSERT INTO `likes_to_media` (`id`, `user_id`, `media_id`, `like_type`) VALUES (70, 54, 9, 1);
INSERT INTO `likes_to_media` (`id`, `user_id`, `media_id`, `like_type`) VALUES (71, 14, 72, 1);
INSERT INTO `likes_to_media` (`id`, `user_id`, `media_id`, `like_type`) VALUES (72, 19, 23, 0);
INSERT INTO `likes_to_media` (`id`, `user_id`, `media_id`, `like_type`) VALUES (73, 82, 83, 0);
INSERT INTO `likes_to_media` (`id`, `user_id`, `media_id`, `like_type`) VALUES (74, 6, 20, 0);
INSERT INTO `likes_to_media` (`id`, `user_id`, `media_id`, `like_type`) VALUES (75, 78, 5, 0);
INSERT INTO `likes_to_media` (`id`, `user_id`, `media_id`, `like_type`) VALUES (76, 4, 91, 0);
INSERT INTO `likes_to_media` (`id`, `user_id`, `media_id`, `like_type`) VALUES (77, 6, 45, 0);
INSERT INTO `likes_to_media` (`id`, `user_id`, `media_id`, `like_type`) VALUES (78, 54, 6, 1);
INSERT INTO `likes_to_media` (`id`, `user_id`, `media_id`, `like_type`) VALUES (79, 51, 3, 1);
INSERT INTO `likes_to_media` (`id`, `user_id`, `media_id`, `like_type`) VALUES (80, 45, 27, 1);
INSERT INTO `likes_to_media` (`id`, `user_id`, `media_id`, `like_type`) VALUES (81, 43, 10, 0);
INSERT INTO `likes_to_media` (`id`, `user_id`, `media_id`, `like_type`) VALUES (82, 18, 58, 1);
INSERT INTO `likes_to_media` (`id`, `user_id`, `media_id`, `like_type`) VALUES (83, 53, 35, 1);
INSERT INTO `likes_to_media` (`id`, `user_id`, `media_id`, `like_type`) VALUES (84, 48, 89, 1);
INSERT INTO `likes_to_media` (`id`, `user_id`, `media_id`, `like_type`) VALUES (85, 62, 1, 0);
INSERT INTO `likes_to_media` (`id`, `user_id`, `media_id`, `like_type`) VALUES (86, 98, 75, 1);
INSERT INTO `likes_to_media` (`id`, `user_id`, `media_id`, `like_type`) VALUES (87, 73, 17, 0);
INSERT INTO `likes_to_media` (`id`, `user_id`, `media_id`, `like_type`) VALUES (88, 97, 54, 1);
INSERT INTO `likes_to_media` (`id`, `user_id`, `media_id`, `like_type`) VALUES (89, 100, 3, 0);
INSERT INTO `likes_to_media` (`id`, `user_id`, `media_id`, `like_type`) VALUES (90, 74, 77, 0);
INSERT INTO `likes_to_media` (`id`, `user_id`, `media_id`, `like_type`) VALUES (91, 8, 77, 1);
INSERT INTO `likes_to_media` (`id`, `user_id`, `media_id`, `like_type`) VALUES (92, 67, 14, 1);
INSERT INTO `likes_to_media` (`id`, `user_id`, `media_id`, `like_type`) VALUES (93, 21, 21, 1);
INSERT INTO `likes_to_media` (`id`, `user_id`, `media_id`, `like_type`) VALUES (94, 19, 72, 1);
INSERT INTO `likes_to_media` (`id`, `user_id`, `media_id`, `like_type`) VALUES (95, 23, 64, 0);
INSERT INTO `likes_to_media` (`id`, `user_id`, `media_id`, `like_type`) VALUES (96, 99, 66, 1);
INSERT INTO `likes_to_media` (`id`, `user_id`, `media_id`, `like_type`) VALUES (97, 73, 17, 1);
INSERT INTO `likes_to_media` (`id`, `user_id`, `media_id`, `like_type`) VALUES (98, 24, 25, 1);
INSERT INTO `likes_to_media` (`id`, `user_id`, `media_id`, `like_type`) VALUES (99, 51, 72, 0);
INSERT INTO `likes_to_media` (`id`, `user_id`, `media_id`, `like_type`) VALUES (100, 14, 13, 1);
INSERT INTO `likes_to_media` (`id`, `user_id`, `media_id`, `like_type`) VALUES (101, 72, 12, 0);
INSERT INTO `likes_to_media` (`id`, `user_id`, `media_id`, `like_type`) VALUES (102, 87, 45, 1);
INSERT INTO `likes_to_media` (`id`, `user_id`, `media_id`, `like_type`) VALUES (103, 28, 84, 0);
INSERT INTO `likes_to_media` (`id`, `user_id`, `media_id`, `like_type`) VALUES (104, 99, 27, 0);
INSERT INTO `likes_to_media` (`id`, `user_id`, `media_id`, `like_type`) VALUES (105, 86, 72, 1);
INSERT INTO `likes_to_media` (`id`, `user_id`, `media_id`, `like_type`) VALUES (106, 3, 94, 1);
INSERT INTO `likes_to_media` (`id`, `user_id`, `media_id`, `like_type`) VALUES (107, 48, 70, 1);
INSERT INTO `likes_to_media` (`id`, `user_id`, `media_id`, `like_type`) VALUES (108, 7, 68, 1);
INSERT INTO `likes_to_media` (`id`, `user_id`, `media_id`, `like_type`) VALUES (109, 90, 25, 0);
INSERT INTO `likes_to_media` (`id`, `user_id`, `media_id`, `like_type`) VALUES (110, 40, 13, 1);
INSERT INTO `likes_to_media` (`id`, `user_id`, `media_id`, `like_type`) VALUES (111, 88, 39, 0);
INSERT INTO `likes_to_media` (`id`, `user_id`, `media_id`, `like_type`) VALUES (112, 78, 60, 0);
INSERT INTO `likes_to_media` (`id`, `user_id`, `media_id`, `like_type`) VALUES (113, 55, 2, 0);
INSERT INTO `likes_to_media` (`id`, `user_id`, `media_id`, `like_type`) VALUES (114, 85, 6, 0);
INSERT INTO `likes_to_media` (`id`, `user_id`, `media_id`, `like_type`) VALUES (115, 73, 99, 1);
INSERT INTO `likes_to_media` (`id`, `user_id`, `media_id`, `like_type`) VALUES (116, 18, 45, 0);
INSERT INTO `likes_to_media` (`id`, `user_id`, `media_id`, `like_type`) VALUES (117, 10, 5, 1);
INSERT INTO `likes_to_media` (`id`, `user_id`, `media_id`, `like_type`) VALUES (118, 89, 37, 1);
INSERT INTO `likes_to_media` (`id`, `user_id`, `media_id`, `like_type`) VALUES (119, 88, 87, 1);
INSERT INTO `likes_to_media` (`id`, `user_id`, `media_id`, `like_type`) VALUES (120, 64, 74, 0);
INSERT INTO `likes_to_media` (`id`, `user_id`, `media_id`, `like_type`) VALUES (121, 58, 66, 0);
INSERT INTO `likes_to_media` (`id`, `user_id`, `media_id`, `like_type`) VALUES (122, 67, 5, 0);
INSERT INTO `likes_to_media` (`id`, `user_id`, `media_id`, `like_type`) VALUES (123, 35, 73, 0);
INSERT INTO `likes_to_media` (`id`, `user_id`, `media_id`, `like_type`) VALUES (124, 73, 25, 0);
INSERT INTO `likes_to_media` (`id`, `user_id`, `media_id`, `like_type`) VALUES (125, 98, 13, 0);
INSERT INTO `likes_to_media` (`id`, `user_id`, `media_id`, `like_type`) VALUES (126, 37, 85, 0);
INSERT INTO `likes_to_media` (`id`, `user_id`, `media_id`, `like_type`) VALUES (127, 51, 15, 1);
INSERT INTO `likes_to_media` (`id`, `user_id`, `media_id`, `like_type`) VALUES (128, 45, 5, 0);
INSERT INTO `likes_to_media` (`id`, `user_id`, `media_id`, `like_type`) VALUES (129, 16, 30, 1);
INSERT INTO `likes_to_media` (`id`, `user_id`, `media_id`, `like_type`) VALUES (130, 11, 88, 0);
INSERT INTO `likes_to_media` (`id`, `user_id`, `media_id`, `like_type`) VALUES (131, 29, 28, 0);
INSERT INTO `likes_to_media` (`id`, `user_id`, `media_id`, `like_type`) VALUES (132, 32, 38, 1);
INSERT INTO `likes_to_media` (`id`, `user_id`, `media_id`, `like_type`) VALUES (133, 32, 21, 1);
INSERT INTO `likes_to_media` (`id`, `user_id`, `media_id`, `like_type`) VALUES (134, 75, 20, 0);
INSERT INTO `likes_to_media` (`id`, `user_id`, `media_id`, `like_type`) VALUES (135, 7, 39, 1);
INSERT INTO `likes_to_media` (`id`, `user_id`, `media_id`, `like_type`) VALUES (136, 93, 65, 1);
INSERT INTO `likes_to_media` (`id`, `user_id`, `media_id`, `like_type`) VALUES (137, 4, 59, 0);
INSERT INTO `likes_to_media` (`id`, `user_id`, `media_id`, `like_type`) VALUES (138, 70, 39, 1);
INSERT INTO `likes_to_media` (`id`, `user_id`, `media_id`, `like_type`) VALUES (139, 32, 42, 1);
INSERT INTO `likes_to_media` (`id`, `user_id`, `media_id`, `like_type`) VALUES (140, 63, 29, 1);
INSERT INTO `likes_to_media` (`id`, `user_id`, `media_id`, `like_type`) VALUES (141, 54, 99, 0);
INSERT INTO `likes_to_media` (`id`, `user_id`, `media_id`, `like_type`) VALUES (142, 14, 5, 0);
INSERT INTO `likes_to_media` (`id`, `user_id`, `media_id`, `like_type`) VALUES (143, 13, 59, 0);
INSERT INTO `likes_to_media` (`id`, `user_id`, `media_id`, `like_type`) VALUES (144, 10, 29, 0);
INSERT INTO `likes_to_media` (`id`, `user_id`, `media_id`, `like_type`) VALUES (145, 88, 20, 1);
INSERT INTO `likes_to_media` (`id`, `user_id`, `media_id`, `like_type`) VALUES (146, 16, 16, 1);
INSERT INTO `likes_to_media` (`id`, `user_id`, `media_id`, `like_type`) VALUES (147, 47, 48, 0);
INSERT INTO `likes_to_media` (`id`, `user_id`, `media_id`, `like_type`) VALUES (148, 54, 79, 0);
INSERT INTO `likes_to_media` (`id`, `user_id`, `media_id`, `like_type`) VALUES (149, 68, 29, 1);
INSERT INTO `likes_to_media` (`id`, `user_id`, `media_id`, `like_type`) VALUES (150, 98, 75, 1);
INSERT INTO `likes_to_media` (`id`, `user_id`, `media_id`, `like_type`) VALUES (151, 67, 90, 0);
INSERT INTO `likes_to_media` (`id`, `user_id`, `media_id`, `like_type`) VALUES (152, 39, 71, 0);
INSERT INTO `likes_to_media` (`id`, `user_id`, `media_id`, `like_type`) VALUES (153, 49, 8, 1);
INSERT INTO `likes_to_media` (`id`, `user_id`, `media_id`, `like_type`) VALUES (154, 9, 80, 0);
INSERT INTO `likes_to_media` (`id`, `user_id`, `media_id`, `like_type`) VALUES (155, 50, 71, 1);
INSERT INTO `likes_to_media` (`id`, `user_id`, `media_id`, `like_type`) VALUES (156, 9, 4, 0);
INSERT INTO `likes_to_media` (`id`, `user_id`, `media_id`, `like_type`) VALUES (157, 70, 23, 0);
INSERT INTO `likes_to_media` (`id`, `user_id`, `media_id`, `like_type`) VALUES (158, 8, 83, 1);
INSERT INTO `likes_to_media` (`id`, `user_id`, `media_id`, `like_type`) VALUES (159, 81, 17, 1);
INSERT INTO `likes_to_media` (`id`, `user_id`, `media_id`, `like_type`) VALUES (160, 11, 69, 0);
INSERT INTO `likes_to_media` (`id`, `user_id`, `media_id`, `like_type`) VALUES (161, 36, 26, 1);
INSERT INTO `likes_to_media` (`id`, `user_id`, `media_id`, `like_type`) VALUES (162, 84, 83, 1);
INSERT INTO `likes_to_media` (`id`, `user_id`, `media_id`, `like_type`) VALUES (163, 74, 38, 0);
INSERT INTO `likes_to_media` (`id`, `user_id`, `media_id`, `like_type`) VALUES (164, 62, 41, 1);
INSERT INTO `likes_to_media` (`id`, `user_id`, `media_id`, `like_type`) VALUES (165, 67, 59, 1);
INSERT INTO `likes_to_media` (`id`, `user_id`, `media_id`, `like_type`) VALUES (166, 16, 33, 1);
INSERT INTO `likes_to_media` (`id`, `user_id`, `media_id`, `like_type`) VALUES (167, 49, 55, 0);
INSERT INTO `likes_to_media` (`id`, `user_id`, `media_id`, `like_type`) VALUES (168, 3, 98, 0);
INSERT INTO `likes_to_media` (`id`, `user_id`, `media_id`, `like_type`) VALUES (169, 62, 12, 0);
INSERT INTO `likes_to_media` (`id`, `user_id`, `media_id`, `like_type`) VALUES (170, 78, 12, 1);
INSERT INTO `likes_to_media` (`id`, `user_id`, `media_id`, `like_type`) VALUES (171, 83, 86, 0);
INSERT INTO `likes_to_media` (`id`, `user_id`, `media_id`, `like_type`) VALUES (172, 15, 52, 1);
INSERT INTO `likes_to_media` (`id`, `user_id`, `media_id`, `like_type`) VALUES (173, 8, 23, 1);
INSERT INTO `likes_to_media` (`id`, `user_id`, `media_id`, `like_type`) VALUES (174, 34, 89, 0);
INSERT INTO `likes_to_media` (`id`, `user_id`, `media_id`, `like_type`) VALUES (175, 39, 45, 1);
INSERT INTO `likes_to_media` (`id`, `user_id`, `media_id`, `like_type`) VALUES (176, 57, 75, 1);
INSERT INTO `likes_to_media` (`id`, `user_id`, `media_id`, `like_type`) VALUES (177, 71, 41, 0);
INSERT INTO `likes_to_media` (`id`, `user_id`, `media_id`, `like_type`) VALUES (178, 57, 44, 0);
INSERT INTO `likes_to_media` (`id`, `user_id`, `media_id`, `like_type`) VALUES (179, 78, 18, 0);
INSERT INTO `likes_to_media` (`id`, `user_id`, `media_id`, `like_type`) VALUES (180, 85, 45, 0);
INSERT INTO `likes_to_media` (`id`, `user_id`, `media_id`, `like_type`) VALUES (181, 77, 100, 0);
INSERT INTO `likes_to_media` (`id`, `user_id`, `media_id`, `like_type`) VALUES (182, 78, 26, 0);
INSERT INTO `likes_to_media` (`id`, `user_id`, `media_id`, `like_type`) VALUES (183, 54, 81, 0);
INSERT INTO `likes_to_media` (`id`, `user_id`, `media_id`, `like_type`) VALUES (184, 23, 16, 1);
INSERT INTO `likes_to_media` (`id`, `user_id`, `media_id`, `like_type`) VALUES (185, 92, 100, 1);
INSERT INTO `likes_to_media` (`id`, `user_id`, `media_id`, `like_type`) VALUES (186, 27, 74, 0);
INSERT INTO `likes_to_media` (`id`, `user_id`, `media_id`, `like_type`) VALUES (187, 86, 42, 1);
INSERT INTO `likes_to_media` (`id`, `user_id`, `media_id`, `like_type`) VALUES (188, 26, 94, 0);
INSERT INTO `likes_to_media` (`id`, `user_id`, `media_id`, `like_type`) VALUES (189, 64, 60, 1);
INSERT INTO `likes_to_media` (`id`, `user_id`, `media_id`, `like_type`) VALUES (190, 83, 3, 1);
INSERT INTO `likes_to_media` (`id`, `user_id`, `media_id`, `like_type`) VALUES (191, 4, 39, 0);
INSERT INTO `likes_to_media` (`id`, `user_id`, `media_id`, `like_type`) VALUES (192, 77, 74, 0);
INSERT INTO `likes_to_media` (`id`, `user_id`, `media_id`, `like_type`) VALUES (193, 79, 33, 0);
INSERT INTO `likes_to_media` (`id`, `user_id`, `media_id`, `like_type`) VALUES (194, 17, 57, 0);
INSERT INTO `likes_to_media` (`id`, `user_id`, `media_id`, `like_type`) VALUES (195, 51, 2, 0);
INSERT INTO `likes_to_media` (`id`, `user_id`, `media_id`, `like_type`) VALUES (196, 1, 28, 0);
INSERT INTO `likes_to_media` (`id`, `user_id`, `media_id`, `like_type`) VALUES (197, 2, 78, 0);
INSERT INTO `likes_to_media` (`id`, `user_id`, `media_id`, `like_type`) VALUES (198, 53, 56, 0);
INSERT INTO `likes_to_media` (`id`, `user_id`, `media_id`, `like_type`) VALUES (199, 58, 76, 1);
INSERT INTO `likes_to_media` (`id`, `user_id`, `media_id`, `like_type`) VALUES (200, 71, 50, 1);


#
# TABLE STRUCTURE FOR: likes_to_users
#

DROP TABLE IF EXISTS `likes_to_users`;

CREATE TABLE `likes_to_users` (
  `id` int(10) unsigned NOT NULL AUTO_INCREMENT,
  `from_user_id` int(10) unsigned NOT NULL,
  `to_user_id` int(10) unsigned NOT NULL,
  `like_type` tinyint(1) DEFAULT NULL,
  PRIMARY KEY (`id`)
) ENGINE=InnoDB AUTO_INCREMENT=201 DEFAULT CHARSET=utf8 COLLATE=utf8_unicode_ci;

INSERT INTO `likes_to_users` (`id`, `from_user_id`, `to_user_id`, `like_type`) VALUES (1, 4, 6, 1);
INSERT INTO `likes_to_users` (`id`, `from_user_id`, `to_user_id`, `like_type`) VALUES (2, 21, 98, 0);
INSERT INTO `likes_to_users` (`id`, `from_user_id`, `to_user_id`, `like_type`) VALUES (3, 46, 33, 0);
INSERT INTO `likes_to_users` (`id`, `from_user_id`, `to_user_id`, `like_type`) VALUES (4, 72, 3, 0);
INSERT INTO `likes_to_users` (`id`, `from_user_id`, `to_user_id`, `like_type`) VALUES (5, 38, 52, 1);
INSERT INTO `likes_to_users` (`id`, `from_user_id`, `to_user_id`, `like_type`) VALUES (6, 45, 43, 0);
INSERT INTO `likes_to_users` (`id`, `from_user_id`, `to_user_id`, `like_type`) VALUES (7, 94, 74, 1);
INSERT INTO `likes_to_users` (`id`, `from_user_id`, `to_user_id`, `like_type`) VALUES (8, 24, 66, 0);
INSERT INTO `likes_to_users` (`id`, `from_user_id`, `to_user_id`, `like_type`) VALUES (9, 82, 78, 1);
INSERT INTO `likes_to_users` (`id`, `from_user_id`, `to_user_id`, `like_type`) VALUES (10, 28, 94, 0);
INSERT INTO `likes_to_users` (`id`, `from_user_id`, `to_user_id`, `like_type`) VALUES (11, 95, 16, 0);
INSERT INTO `likes_to_users` (`id`, `from_user_id`, `to_user_id`, `like_type`) VALUES (12, 17, 60, 0);
INSERT INTO `likes_to_users` (`id`, `from_user_id`, `to_user_id`, `like_type`) VALUES (13, 54, 92, 0);
INSERT INTO `likes_to_users` (`id`, `from_user_id`, `to_user_id`, `like_type`) VALUES (14, 26, 56, 0);
INSERT INTO `likes_to_users` (`id`, `from_user_id`, `to_user_id`, `like_type`) VALUES (15, 80, 98, 1);
INSERT INTO `likes_to_users` (`id`, `from_user_id`, `to_user_id`, `like_type`) VALUES (16, 15, 83, 0);
INSERT INTO `likes_to_users` (`id`, `from_user_id`, `to_user_id`, `like_type`) VALUES (17, 4, 35, 0);
INSERT INTO `likes_to_users` (`id`, `from_user_id`, `to_user_id`, `like_type`) VALUES (18, 80, 49, 1);
INSERT INTO `likes_to_users` (`id`, `from_user_id`, `to_user_id`, `like_type`) VALUES (19, 67, 52, 0);
INSERT INTO `likes_to_users` (`id`, `from_user_id`, `to_user_id`, `like_type`) VALUES (20, 52, 5, 1);
INSERT INTO `likes_to_users` (`id`, `from_user_id`, `to_user_id`, `like_type`) VALUES (21, 3, 97, 1);
INSERT INTO `likes_to_users` (`id`, `from_user_id`, `to_user_id`, `like_type`) VALUES (22, 47, 97, 1);
INSERT INTO `likes_to_users` (`id`, `from_user_id`, `to_user_id`, `like_type`) VALUES (23, 71, 71, 1);
INSERT INTO `likes_to_users` (`id`, `from_user_id`, `to_user_id`, `like_type`) VALUES (24, 62, 52, 1);
INSERT INTO `likes_to_users` (`id`, `from_user_id`, `to_user_id`, `like_type`) VALUES (25, 48, 89, 0);
INSERT INTO `likes_to_users` (`id`, `from_user_id`, `to_user_id`, `like_type`) VALUES (26, 46, 43, 1);
INSERT INTO `likes_to_users` (`id`, `from_user_id`, `to_user_id`, `like_type`) VALUES (27, 4, 63, 0);
INSERT INTO `likes_to_users` (`id`, `from_user_id`, `to_user_id`, `like_type`) VALUES (28, 2, 57, 1);
INSERT INTO `likes_to_users` (`id`, `from_user_id`, `to_user_id`, `like_type`) VALUES (29, 54, 28, 0);
INSERT INTO `likes_to_users` (`id`, `from_user_id`, `to_user_id`, `like_type`) VALUES (30, 13, 34, 1);
INSERT INTO `likes_to_users` (`id`, `from_user_id`, `to_user_id`, `like_type`) VALUES (31, 26, 27, 1);
INSERT INTO `likes_to_users` (`id`, `from_user_id`, `to_user_id`, `like_type`) VALUES (32, 16, 29, 0);
INSERT INTO `likes_to_users` (`id`, `from_user_id`, `to_user_id`, `like_type`) VALUES (33, 61, 96, 0);
INSERT INTO `likes_to_users` (`id`, `from_user_id`, `to_user_id`, `like_type`) VALUES (34, 78, 28, 0);
INSERT INTO `likes_to_users` (`id`, `from_user_id`, `to_user_id`, `like_type`) VALUES (35, 47, 29, 1);
INSERT INTO `likes_to_users` (`id`, `from_user_id`, `to_user_id`, `like_type`) VALUES (36, 32, 50, 0);
INSERT INTO `likes_to_users` (`id`, `from_user_id`, `to_user_id`, `like_type`) VALUES (37, 26, 79, 1);
INSERT INTO `likes_to_users` (`id`, `from_user_id`, `to_user_id`, `like_type`) VALUES (38, 46, 96, 1);
INSERT INTO `likes_to_users` (`id`, `from_user_id`, `to_user_id`, `like_type`) VALUES (39, 49, 7, 1);
INSERT INTO `likes_to_users` (`id`, `from_user_id`, `to_user_id`, `like_type`) VALUES (40, 48, 97, 1);
INSERT INTO `likes_to_users` (`id`, `from_user_id`, `to_user_id`, `like_type`) VALUES (41, 96, 93, 1);
INSERT INTO `likes_to_users` (`id`, `from_user_id`, `to_user_id`, `like_type`) VALUES (42, 39, 99, 1);
INSERT INTO `likes_to_users` (`id`, `from_user_id`, `to_user_id`, `like_type`) VALUES (43, 56, 40, 0);
INSERT INTO `likes_to_users` (`id`, `from_user_id`, `to_user_id`, `like_type`) VALUES (44, 56, 10, 1);
INSERT INTO `likes_to_users` (`id`, `from_user_id`, `to_user_id`, `like_type`) VALUES (45, 68, 68, 1);
INSERT INTO `likes_to_users` (`id`, `from_user_id`, `to_user_id`, `like_type`) VALUES (46, 43, 93, 1);
INSERT INTO `likes_to_users` (`id`, `from_user_id`, `to_user_id`, `like_type`) VALUES (47, 94, 58, 1);
INSERT INTO `likes_to_users` (`id`, `from_user_id`, `to_user_id`, `like_type`) VALUES (48, 22, 55, 1);
INSERT INTO `likes_to_users` (`id`, `from_user_id`, `to_user_id`, `like_type`) VALUES (49, 53, 99, 0);
INSERT INTO `likes_to_users` (`id`, `from_user_id`, `to_user_id`, `like_type`) VALUES (50, 83, 100, 0);
INSERT INTO `likes_to_users` (`id`, `from_user_id`, `to_user_id`, `like_type`) VALUES (51, 28, 14, 0);
INSERT INTO `likes_to_users` (`id`, `from_user_id`, `to_user_id`, `like_type`) VALUES (52, 49, 53, 1);
INSERT INTO `likes_to_users` (`id`, `from_user_id`, `to_user_id`, `like_type`) VALUES (53, 93, 94, 1);
INSERT INTO `likes_to_users` (`id`, `from_user_id`, `to_user_id`, `like_type`) VALUES (54, 48, 41, 0);
INSERT INTO `likes_to_users` (`id`, `from_user_id`, `to_user_id`, `like_type`) VALUES (55, 1, 96, 1);
INSERT INTO `likes_to_users` (`id`, `from_user_id`, `to_user_id`, `like_type`) VALUES (56, 38, 96, 1);
INSERT INTO `likes_to_users` (`id`, `from_user_id`, `to_user_id`, `like_type`) VALUES (57, 88, 76, 0);
INSERT INTO `likes_to_users` (`id`, `from_user_id`, `to_user_id`, `like_type`) VALUES (58, 94, 44, 1);
INSERT INTO `likes_to_users` (`id`, `from_user_id`, `to_user_id`, `like_type`) VALUES (59, 16, 50, 1);
INSERT INTO `likes_to_users` (`id`, `from_user_id`, `to_user_id`, `like_type`) VALUES (60, 53, 83, 1);
INSERT INTO `likes_to_users` (`id`, `from_user_id`, `to_user_id`, `like_type`) VALUES (61, 18, 96, 0);
INSERT INTO `likes_to_users` (`id`, `from_user_id`, `to_user_id`, `like_type`) VALUES (62, 76, 12, 1);
INSERT INTO `likes_to_users` (`id`, `from_user_id`, `to_user_id`, `like_type`) VALUES (63, 54, 97, 0);
INSERT INTO `likes_to_users` (`id`, `from_user_id`, `to_user_id`, `like_type`) VALUES (64, 66, 7, 0);
INSERT INTO `likes_to_users` (`id`, `from_user_id`, `to_user_id`, `like_type`) VALUES (65, 95, 48, 1);
INSERT INTO `likes_to_users` (`id`, `from_user_id`, `to_user_id`, `like_type`) VALUES (66, 6, 22, 0);
INSERT INTO `likes_to_users` (`id`, `from_user_id`, `to_user_id`, `like_type`) VALUES (67, 62, 54, 1);
INSERT INTO `likes_to_users` (`id`, `from_user_id`, `to_user_id`, `like_type`) VALUES (68, 75, 54, 1);
INSERT INTO `likes_to_users` (`id`, `from_user_id`, `to_user_id`, `like_type`) VALUES (69, 48, 23, 1);
INSERT INTO `likes_to_users` (`id`, `from_user_id`, `to_user_id`, `like_type`) VALUES (70, 95, 48, 1);
INSERT INTO `likes_to_users` (`id`, `from_user_id`, `to_user_id`, `like_type`) VALUES (71, 18, 32, 0);
INSERT INTO `likes_to_users` (`id`, `from_user_id`, `to_user_id`, `like_type`) VALUES (72, 43, 6, 0);
INSERT INTO `likes_to_users` (`id`, `from_user_id`, `to_user_id`, `like_type`) VALUES (73, 7, 37, 0);
INSERT INTO `likes_to_users` (`id`, `from_user_id`, `to_user_id`, `like_type`) VALUES (74, 49, 23, 0);
INSERT INTO `likes_to_users` (`id`, `from_user_id`, `to_user_id`, `like_type`) VALUES (75, 87, 2, 1);
INSERT INTO `likes_to_users` (`id`, `from_user_id`, `to_user_id`, `like_type`) VALUES (76, 5, 4, 0);
INSERT INTO `likes_to_users` (`id`, `from_user_id`, `to_user_id`, `like_type`) VALUES (77, 97, 80, 0);
INSERT INTO `likes_to_users` (`id`, `from_user_id`, `to_user_id`, `like_type`) VALUES (78, 15, 50, 1);
INSERT INTO `likes_to_users` (`id`, `from_user_id`, `to_user_id`, `like_type`) VALUES (79, 77, 81, 0);
INSERT INTO `likes_to_users` (`id`, `from_user_id`, `to_user_id`, `like_type`) VALUES (80, 56, 71, 0);
INSERT INTO `likes_to_users` (`id`, `from_user_id`, `to_user_id`, `like_type`) VALUES (81, 28, 62, 1);
INSERT INTO `likes_to_users` (`id`, `from_user_id`, `to_user_id`, `like_type`) VALUES (82, 93, 90, 0);
INSERT INTO `likes_to_users` (`id`, `from_user_id`, `to_user_id`, `like_type`) VALUES (83, 15, 67, 0);
INSERT INTO `likes_to_users` (`id`, `from_user_id`, `to_user_id`, `like_type`) VALUES (84, 44, 63, 1);
INSERT INTO `likes_to_users` (`id`, `from_user_id`, `to_user_id`, `like_type`) VALUES (85, 89, 38, 1);
INSERT INTO `likes_to_users` (`id`, `from_user_id`, `to_user_id`, `like_type`) VALUES (86, 10, 6, 0);
INSERT INTO `likes_to_users` (`id`, `from_user_id`, `to_user_id`, `like_type`) VALUES (87, 70, 53, 1);
INSERT INTO `likes_to_users` (`id`, `from_user_id`, `to_user_id`, `like_type`) VALUES (88, 11, 77, 1);
INSERT INTO `likes_to_users` (`id`, `from_user_id`, `to_user_id`, `like_type`) VALUES (89, 90, 60, 1);
INSERT INTO `likes_to_users` (`id`, `from_user_id`, `to_user_id`, `like_type`) VALUES (90, 99, 76, 1);
INSERT INTO `likes_to_users` (`id`, `from_user_id`, `to_user_id`, `like_type`) VALUES (91, 61, 4, 1);
INSERT INTO `likes_to_users` (`id`, `from_user_id`, `to_user_id`, `like_type`) VALUES (92, 79, 58, 0);
INSERT INTO `likes_to_users` (`id`, `from_user_id`, `to_user_id`, `like_type`) VALUES (93, 84, 94, 1);
INSERT INTO `likes_to_users` (`id`, `from_user_id`, `to_user_id`, `like_type`) VALUES (94, 7, 60, 0);
INSERT INTO `likes_to_users` (`id`, `from_user_id`, `to_user_id`, `like_type`) VALUES (95, 74, 63, 0);
INSERT INTO `likes_to_users` (`id`, `from_user_id`, `to_user_id`, `like_type`) VALUES (96, 31, 2, 1);
INSERT INTO `likes_to_users` (`id`, `from_user_id`, `to_user_id`, `like_type`) VALUES (97, 24, 23, 0);
INSERT INTO `likes_to_users` (`id`, `from_user_id`, `to_user_id`, `like_type`) VALUES (98, 91, 39, 0);
INSERT INTO `likes_to_users` (`id`, `from_user_id`, `to_user_id`, `like_type`) VALUES (99, 89, 34, 0);
INSERT INTO `likes_to_users` (`id`, `from_user_id`, `to_user_id`, `like_type`) VALUES (100, 2, 77, 0);
INSERT INTO `likes_to_users` (`id`, `from_user_id`, `to_user_id`, `like_type`) VALUES (101, 72, 11, 0);
INSERT INTO `likes_to_users` (`id`, `from_user_id`, `to_user_id`, `like_type`) VALUES (102, 83, 41, 0);
INSERT INTO `likes_to_users` (`id`, `from_user_id`, `to_user_id`, `like_type`) VALUES (103, 64, 93, 1);
INSERT INTO `likes_to_users` (`id`, `from_user_id`, `to_user_id`, `like_type`) VALUES (104, 17, 53, 0);
INSERT INTO `likes_to_users` (`id`, `from_user_id`, `to_user_id`, `like_type`) VALUES (105, 52, 15, 1);
INSERT INTO `likes_to_users` (`id`, `from_user_id`, `to_user_id`, `like_type`) VALUES (106, 29, 13, 1);
INSERT INTO `likes_to_users` (`id`, `from_user_id`, `to_user_id`, `like_type`) VALUES (107, 19, 8, 1);
INSERT INTO `likes_to_users` (`id`, `from_user_id`, `to_user_id`, `like_type`) VALUES (108, 70, 2, 1);
INSERT INTO `likes_to_users` (`id`, `from_user_id`, `to_user_id`, `like_type`) VALUES (109, 1, 77, 0);
INSERT INTO `likes_to_users` (`id`, `from_user_id`, `to_user_id`, `like_type`) VALUES (110, 61, 74, 0);
INSERT INTO `likes_to_users` (`id`, `from_user_id`, `to_user_id`, `like_type`) VALUES (111, 40, 91, 0);
INSERT INTO `likes_to_users` (`id`, `from_user_id`, `to_user_id`, `like_type`) VALUES (112, 75, 63, 0);
INSERT INTO `likes_to_users` (`id`, `from_user_id`, `to_user_id`, `like_type`) VALUES (113, 14, 65, 0);
INSERT INTO `likes_to_users` (`id`, `from_user_id`, `to_user_id`, `like_type`) VALUES (114, 2, 2, 1);
INSERT INTO `likes_to_users` (`id`, `from_user_id`, `to_user_id`, `like_type`) VALUES (115, 99, 3, 0);
INSERT INTO `likes_to_users` (`id`, `from_user_id`, `to_user_id`, `like_type`) VALUES (116, 79, 70, 1);
INSERT INTO `likes_to_users` (`id`, `from_user_id`, `to_user_id`, `like_type`) VALUES (117, 14, 61, 1);
INSERT INTO `likes_to_users` (`id`, `from_user_id`, `to_user_id`, `like_type`) VALUES (118, 10, 77, 1);
INSERT INTO `likes_to_users` (`id`, `from_user_id`, `to_user_id`, `like_type`) VALUES (119, 53, 26, 0);
INSERT INTO `likes_to_users` (`id`, `from_user_id`, `to_user_id`, `like_type`) VALUES (120, 30, 5, 1);
INSERT INTO `likes_to_users` (`id`, `from_user_id`, `to_user_id`, `like_type`) VALUES (121, 41, 59, 0);
INSERT INTO `likes_to_users` (`id`, `from_user_id`, `to_user_id`, `like_type`) VALUES (122, 18, 59, 1);
INSERT INTO `likes_to_users` (`id`, `from_user_id`, `to_user_id`, `like_type`) VALUES (123, 66, 87, 1);
INSERT INTO `likes_to_users` (`id`, `from_user_id`, `to_user_id`, `like_type`) VALUES (124, 61, 66, 1);
INSERT INTO `likes_to_users` (`id`, `from_user_id`, `to_user_id`, `like_type`) VALUES (125, 63, 21, 1);
INSERT INTO `likes_to_users` (`id`, `from_user_id`, `to_user_id`, `like_type`) VALUES (126, 39, 2, 0);
INSERT INTO `likes_to_users` (`id`, `from_user_id`, `to_user_id`, `like_type`) VALUES (127, 12, 14, 0);
INSERT INTO `likes_to_users` (`id`, `from_user_id`, `to_user_id`, `like_type`) VALUES (128, 65, 25, 1);
INSERT INTO `likes_to_users` (`id`, `from_user_id`, `to_user_id`, `like_type`) VALUES (129, 79, 67, 0);
INSERT INTO `likes_to_users` (`id`, `from_user_id`, `to_user_id`, `like_type`) VALUES (130, 27, 77, 0);
INSERT INTO `likes_to_users` (`id`, `from_user_id`, `to_user_id`, `like_type`) VALUES (131, 70, 5, 1);
INSERT INTO `likes_to_users` (`id`, `from_user_id`, `to_user_id`, `like_type`) VALUES (132, 47, 83, 1);
INSERT INTO `likes_to_users` (`id`, `from_user_id`, `to_user_id`, `like_type`) VALUES (133, 65, 56, 0);
INSERT INTO `likes_to_users` (`id`, `from_user_id`, `to_user_id`, `like_type`) VALUES (134, 60, 18, 1);
INSERT INTO `likes_to_users` (`id`, `from_user_id`, `to_user_id`, `like_type`) VALUES (135, 82, 90, 1);
INSERT INTO `likes_to_users` (`id`, `from_user_id`, `to_user_id`, `like_type`) VALUES (136, 23, 23, 0);
INSERT INTO `likes_to_users` (`id`, `from_user_id`, `to_user_id`, `like_type`) VALUES (137, 48, 40, 0);
INSERT INTO `likes_to_users` (`id`, `from_user_id`, `to_user_id`, `like_type`) VALUES (138, 81, 13, 1);
INSERT INTO `likes_to_users` (`id`, `from_user_id`, `to_user_id`, `like_type`) VALUES (139, 27, 41, 1);
INSERT INTO `likes_to_users` (`id`, `from_user_id`, `to_user_id`, `like_type`) VALUES (140, 78, 89, 1);
INSERT INTO `likes_to_users` (`id`, `from_user_id`, `to_user_id`, `like_type`) VALUES (141, 62, 17, 1);
INSERT INTO `likes_to_users` (`id`, `from_user_id`, `to_user_id`, `like_type`) VALUES (142, 91, 74, 0);
INSERT INTO `likes_to_users` (`id`, `from_user_id`, `to_user_id`, `like_type`) VALUES (143, 31, 56, 1);
INSERT INTO `likes_to_users` (`id`, `from_user_id`, `to_user_id`, `like_type`) VALUES (144, 98, 9, 1);
INSERT INTO `likes_to_users` (`id`, `from_user_id`, `to_user_id`, `like_type`) VALUES (145, 23, 25, 1);
INSERT INTO `likes_to_users` (`id`, `from_user_id`, `to_user_id`, `like_type`) VALUES (146, 86, 92, 0);
INSERT INTO `likes_to_users` (`id`, `from_user_id`, `to_user_id`, `like_type`) VALUES (147, 29, 32, 1);
INSERT INTO `likes_to_users` (`id`, `from_user_id`, `to_user_id`, `like_type`) VALUES (148, 74, 93, 0);
INSERT INTO `likes_to_users` (`id`, `from_user_id`, `to_user_id`, `like_type`) VALUES (149, 87, 34, 1);
INSERT INTO `likes_to_users` (`id`, `from_user_id`, `to_user_id`, `like_type`) VALUES (150, 11, 69, 1);
INSERT INTO `likes_to_users` (`id`, `from_user_id`, `to_user_id`, `like_type`) VALUES (151, 23, 33, 0);
INSERT INTO `likes_to_users` (`id`, `from_user_id`, `to_user_id`, `like_type`) VALUES (152, 91, 70, 1);
INSERT INTO `likes_to_users` (`id`, `from_user_id`, `to_user_id`, `like_type`) VALUES (153, 73, 72, 1);
INSERT INTO `likes_to_users` (`id`, `from_user_id`, `to_user_id`, `like_type`) VALUES (154, 83, 99, 0);
INSERT INTO `likes_to_users` (`id`, `from_user_id`, `to_user_id`, `like_type`) VALUES (155, 13, 61, 0);
INSERT INTO `likes_to_users` (`id`, `from_user_id`, `to_user_id`, `like_type`) VALUES (156, 88, 74, 0);
INSERT INTO `likes_to_users` (`id`, `from_user_id`, `to_user_id`, `like_type`) VALUES (157, 77, 79, 1);
INSERT INTO `likes_to_users` (`id`, `from_user_id`, `to_user_id`, `like_type`) VALUES (158, 48, 8, 1);
INSERT INTO `likes_to_users` (`id`, `from_user_id`, `to_user_id`, `like_type`) VALUES (159, 34, 46, 0);
INSERT INTO `likes_to_users` (`id`, `from_user_id`, `to_user_id`, `like_type`) VALUES (160, 16, 56, 1);
INSERT INTO `likes_to_users` (`id`, `from_user_id`, `to_user_id`, `like_type`) VALUES (161, 70, 2, 1);
INSERT INTO `likes_to_users` (`id`, `from_user_id`, `to_user_id`, `like_type`) VALUES (162, 48, 98, 0);
INSERT INTO `likes_to_users` (`id`, `from_user_id`, `to_user_id`, `like_type`) VALUES (163, 33, 21, 1);
INSERT INTO `likes_to_users` (`id`, `from_user_id`, `to_user_id`, `like_type`) VALUES (164, 91, 20, 0);
INSERT INTO `likes_to_users` (`id`, `from_user_id`, `to_user_id`, `like_type`) VALUES (165, 55, 1, 0);
INSERT INTO `likes_to_users` (`id`, `from_user_id`, `to_user_id`, `like_type`) VALUES (166, 88, 77, 0);
INSERT INTO `likes_to_users` (`id`, `from_user_id`, `to_user_id`, `like_type`) VALUES (167, 34, 79, 0);
INSERT INTO `likes_to_users` (`id`, `from_user_id`, `to_user_id`, `like_type`) VALUES (168, 47, 6, 1);
INSERT INTO `likes_to_users` (`id`, `from_user_id`, `to_user_id`, `like_type`) VALUES (169, 50, 29, 1);
INSERT INTO `likes_to_users` (`id`, `from_user_id`, `to_user_id`, `like_type`) VALUES (170, 5, 63, 0);
INSERT INTO `likes_to_users` (`id`, `from_user_id`, `to_user_id`, `like_type`) VALUES (171, 89, 92, 0);
INSERT INTO `likes_to_users` (`id`, `from_user_id`, `to_user_id`, `like_type`) VALUES (172, 36, 66, 1);
INSERT INTO `likes_to_users` (`id`, `from_user_id`, `to_user_id`, `like_type`) VALUES (173, 70, 84, 0);
INSERT INTO `likes_to_users` (`id`, `from_user_id`, `to_user_id`, `like_type`) VALUES (174, 73, 4, 0);
INSERT INTO `likes_to_users` (`id`, `from_user_id`, `to_user_id`, `like_type`) VALUES (175, 29, 89, 0);
INSERT INTO `likes_to_users` (`id`, `from_user_id`, `to_user_id`, `like_type`) VALUES (176, 60, 98, 0);
INSERT INTO `likes_to_users` (`id`, `from_user_id`, `to_user_id`, `like_type`) VALUES (177, 90, 7, 0);
INSERT INTO `likes_to_users` (`id`, `from_user_id`, `to_user_id`, `like_type`) VALUES (178, 95, 23, 0);
INSERT INTO `likes_to_users` (`id`, `from_user_id`, `to_user_id`, `like_type`) VALUES (179, 28, 85, 0);
INSERT INTO `likes_to_users` (`id`, `from_user_id`, `to_user_id`, `like_type`) VALUES (180, 42, 82, 0);
INSERT INTO `likes_to_users` (`id`, `from_user_id`, `to_user_id`, `like_type`) VALUES (181, 86, 30, 0);
INSERT INTO `likes_to_users` (`id`, `from_user_id`, `to_user_id`, `like_type`) VALUES (182, 58, 20, 0);
INSERT INTO `likes_to_users` (`id`, `from_user_id`, `to_user_id`, `like_type`) VALUES (183, 8, 4, 1);
INSERT INTO `likes_to_users` (`id`, `from_user_id`, `to_user_id`, `like_type`) VALUES (184, 26, 58, 1);
INSERT INTO `likes_to_users` (`id`, `from_user_id`, `to_user_id`, `like_type`) VALUES (185, 33, 30, 1);
INSERT INTO `likes_to_users` (`id`, `from_user_id`, `to_user_id`, `like_type`) VALUES (186, 20, 22, 0);
INSERT INTO `likes_to_users` (`id`, `from_user_id`, `to_user_id`, `like_type`) VALUES (187, 21, 56, 0);
INSERT INTO `likes_to_users` (`id`, `from_user_id`, `to_user_id`, `like_type`) VALUES (188, 87, 90, 0);
INSERT INTO `likes_to_users` (`id`, `from_user_id`, `to_user_id`, `like_type`) VALUES (189, 39, 60, 0);
INSERT INTO `likes_to_users` (`id`, `from_user_id`, `to_user_id`, `like_type`) VALUES (190, 93, 67, 0);
INSERT INTO `likes_to_users` (`id`, `from_user_id`, `to_user_id`, `like_type`) VALUES (191, 49, 52, 0);
INSERT INTO `likes_to_users` (`id`, `from_user_id`, `to_user_id`, `like_type`) VALUES (192, 64, 39, 1);
INSERT INTO `likes_to_users` (`id`, `from_user_id`, `to_user_id`, `like_type`) VALUES (193, 59, 59, 0);
INSERT INTO `likes_to_users` (`id`, `from_user_id`, `to_user_id`, `like_type`) VALUES (194, 61, 86, 1);
INSERT INTO `likes_to_users` (`id`, `from_user_id`, `to_user_id`, `like_type`) VALUES (195, 44, 2, 0);
INSERT INTO `likes_to_users` (`id`, `from_user_id`, `to_user_id`, `like_type`) VALUES (196, 67, 30, 1);
INSERT INTO `likes_to_users` (`id`, `from_user_id`, `to_user_id`, `like_type`) VALUES (197, 32, 24, 1);
INSERT INTO `likes_to_users` (`id`, `from_user_id`, `to_user_id`, `like_type`) VALUES (198, 49, 39, 1);
INSERT INTO `likes_to_users` (`id`, `from_user_id`, `to_user_id`, `like_type`) VALUES (199, 28, 75, 0);
INSERT INTO `likes_to_users` (`id`, `from_user_id`, `to_user_id`, `like_type`) VALUES (200, 97, 61, 0);


#
# TABLE STRUCTURE FOR: media
#

DROP TABLE IF EXISTS `media`;

CREATE TABLE `media` (
  `id` int(10) unsigned NOT NULL AUTO_INCREMENT,
  `media_type_id` int(10) unsigned NOT NULL,
  `user_id` int(10) unsigned NOT NULL,
  `filename` varchar(255) COLLATE utf8_unicode_ci NOT NULL,
  `size` int(11) NOT NULL,
  `metadata` longtext CHARACTER SET utf8mb4 COLLATE utf8mb4_bin DEFAULT NULL,
  `created_at` datetime DEFAULT current_timestamp(),
  `updated_at` datetime DEFAULT current_timestamp() ON UPDATE current_timestamp(),
  PRIMARY KEY (`id`)
) ENGINE=InnoDB AUTO_INCREMENT=101 DEFAULT CHARSET=utf8 COLLATE=utf8_unicode_ci;

INSERT INTO `media` (`id`, `media_type_id`, `user_id`, `filename`, `size`, `metadata`, `created_at`, `updated_at`) VALUES (1, 1, 1, 'ctqvwueg', 3395, NULL, '2016-01-02 17:37:30', '1993-11-23 18:13:21');
INSERT INTO `media` (`id`, `media_type_id`, `user_id`, `filename`, `size`, `metadata`, `created_at`, `updated_at`) VALUES (2, 2, 2, 'ilaukvfv', 17538, NULL, '1991-08-16 05:32:30', '1975-09-16 23:28:12');
INSERT INTO `media` (`id`, `media_type_id`, `user_id`, `filename`, `size`, `metadata`, `created_at`, `updated_at`) VALUES (3, 3, 3, 'gpfjhmer', 3641, NULL, '2019-05-05 01:51:19', '1984-05-16 20:17:18');
INSERT INTO `media` (`id`, `media_type_id`, `user_id`, `filename`, `size`, `metadata`, `created_at`, `updated_at`) VALUES (4, 4, 4, 'qdqfhpau', 13109, NULL, '2010-01-23 14:43:26', '1979-03-01 08:40:02');
INSERT INTO `media` (`id`, `media_type_id`, `user_id`, `filename`, `size`, `metadata`, `created_at`, `updated_at`) VALUES (5, 5, 5, 'omfpfwcm', 192, NULL, '1993-07-27 12:32:56', '2014-10-29 01:25:01');
INSERT INTO `media` (`id`, `media_type_id`, `user_id`, `filename`, `size`, `metadata`, `created_at`, `updated_at`) VALUES (6, 6, 6, 'arzrixzb', 4616, NULL, '1970-07-22 14:26:00', '1994-04-28 05:08:08');
INSERT INTO `media` (`id`, `media_type_id`, `user_id`, `filename`, `size`, `metadata`, `created_at`, `updated_at`) VALUES (7, 7, 7, 'rfpathbx', 10018, NULL, '1993-05-27 19:32:52', '2005-09-19 18:30:40');
INSERT INTO `media` (`id`, `media_type_id`, `user_id`, `filename`, `size`, `metadata`, `created_at`, `updated_at`) VALUES (8, 1, 8, 'vvqbahci', 516, NULL, '1976-07-07 01:00:15', '2005-04-23 14:07:30');
INSERT INTO `media` (`id`, `media_type_id`, `user_id`, `filename`, `size`, `metadata`, `created_at`, `updated_at`) VALUES (9, 2, 9, 'qyysmmeh', 1013, NULL, '1993-01-16 07:29:23', '2011-05-01 03:31:26');
INSERT INTO `media` (`id`, `media_type_id`, `user_id`, `filename`, `size`, `metadata`, `created_at`, `updated_at`) VALUES (10, 3, 10, 'udezigjw', 5100, NULL, '1993-03-08 10:37:53', '1999-12-13 21:02:01');
INSERT INTO `media` (`id`, `media_type_id`, `user_id`, `filename`, `size`, `metadata`, `created_at`, `updated_at`) VALUES (11, 4, 11, 'nytfkcia', 18631, NULL, '2019-05-04 11:05:14', '2014-12-04 10:09:06');
INSERT INTO `media` (`id`, `media_type_id`, `user_id`, `filename`, `size`, `metadata`, `created_at`, `updated_at`) VALUES (12, 5, 12, 'gwznqyeh', 2665, NULL, '2004-12-16 13:45:20', '1982-05-27 14:13:35');
INSERT INTO `media` (`id`, `media_type_id`, `user_id`, `filename`, `size`, `metadata`, `created_at`, `updated_at`) VALUES (13, 6, 13, 'urtgnxxl', 3384, NULL, '2019-01-11 17:00:51', '1974-10-06 23:32:53');
INSERT INTO `media` (`id`, `media_type_id`, `user_id`, `filename`, `size`, `metadata`, `created_at`, `updated_at`) VALUES (14, 7, 14, 'vpkqpzli', 7146, NULL, '2010-11-10 05:58:22', '1976-08-26 12:11:59');
INSERT INTO `media` (`id`, `media_type_id`, `user_id`, `filename`, `size`, `metadata`, `created_at`, `updated_at`) VALUES (15, 1, 15, 'ycsirtvg', 19584, NULL, '2013-05-03 11:07:50', '1994-09-01 06:39:21');
INSERT INTO `media` (`id`, `media_type_id`, `user_id`, `filename`, `size`, `metadata`, `created_at`, `updated_at`) VALUES (16, 2, 16, 'eependip', 19368, NULL, '2013-06-06 08:10:17', '2013-01-10 08:07:10');
INSERT INTO `media` (`id`, `media_type_id`, `user_id`, `filename`, `size`, `metadata`, `created_at`, `updated_at`) VALUES (17, 3, 17, 'ujnwezpl', 15577, NULL, '1974-01-08 20:26:25', '2014-10-10 11:38:16');
INSERT INTO `media` (`id`, `media_type_id`, `user_id`, `filename`, `size`, `metadata`, `created_at`, `updated_at`) VALUES (18, 4, 18, 'maqnwfbu', 16543, NULL, '1987-08-05 00:04:01', '1997-05-09 05:39:43');
INSERT INTO `media` (`id`, `media_type_id`, `user_id`, `filename`, `size`, `metadata`, `created_at`, `updated_at`) VALUES (19, 5, 19, 'urcjkhws', 1942, NULL, '2015-10-19 04:08:40', '1988-11-06 12:59:37');
INSERT INTO `media` (`id`, `media_type_id`, `user_id`, `filename`, `size`, `metadata`, `created_at`, `updated_at`) VALUES (20, 6, 20, 'bguysvfs', 9165, NULL, '1993-08-21 23:04:01', '1981-01-25 11:38:05');
INSERT INTO `media` (`id`, `media_type_id`, `user_id`, `filename`, `size`, `metadata`, `created_at`, `updated_at`) VALUES (21, 7, 21, 'lkvlmfhb', 3344, NULL, '1972-05-25 11:27:47', '1993-01-12 18:52:37');
INSERT INTO `media` (`id`, `media_type_id`, `user_id`, `filename`, `size`, `metadata`, `created_at`, `updated_at`) VALUES (22, 1, 22, 'ipbaqudv', 2601, NULL, '2001-09-30 07:10:48', '1997-11-26 05:38:49');
INSERT INTO `media` (`id`, `media_type_id`, `user_id`, `filename`, `size`, `metadata`, `created_at`, `updated_at`) VALUES (23, 2, 23, 'rzvoqlfb', 11321, NULL, '1984-06-24 06:28:02', '2004-10-14 17:36:35');
INSERT INTO `media` (`id`, `media_type_id`, `user_id`, `filename`, `size`, `metadata`, `created_at`, `updated_at`) VALUES (24, 3, 24, 'tgxjbiul', 11819, NULL, '2006-03-09 10:47:31', '2007-03-10 14:50:49');
INSERT INTO `media` (`id`, `media_type_id`, `user_id`, `filename`, `size`, `metadata`, `created_at`, `updated_at`) VALUES (25, 4, 25, 'ezvupjia', 19985, NULL, '1973-02-22 09:49:07', '1991-06-25 23:27:30');
INSERT INTO `media` (`id`, `media_type_id`, `user_id`, `filename`, `size`, `metadata`, `created_at`, `updated_at`) VALUES (26, 5, 26, 'jzvuyfpi', 8142, NULL, '1971-07-11 13:16:14', '1997-05-16 22:33:48');
INSERT INTO `media` (`id`, `media_type_id`, `user_id`, `filename`, `size`, `metadata`, `created_at`, `updated_at`) VALUES (27, 6, 27, 'vjaqokyo', 10549, NULL, '2006-11-04 03:01:41', '1973-10-06 18:51:10');
INSERT INTO `media` (`id`, `media_type_id`, `user_id`, `filename`, `size`, `metadata`, `created_at`, `updated_at`) VALUES (28, 7, 28, 'xxdydksj', 9740, NULL, '1995-03-25 19:39:35', '2018-08-24 03:09:06');
INSERT INTO `media` (`id`, `media_type_id`, `user_id`, `filename`, `size`, `metadata`, `created_at`, `updated_at`) VALUES (29, 1, 29, 'qzlgoqhp', 3121, NULL, '1972-01-25 05:59:04', '1979-02-24 05:36:23');
INSERT INTO `media` (`id`, `media_type_id`, `user_id`, `filename`, `size`, `metadata`, `created_at`, `updated_at`) VALUES (30, 2, 30, 'zargvaqa', 17671, NULL, '2006-12-21 14:57:40', '1972-08-21 15:39:30');
INSERT INTO `media` (`id`, `media_type_id`, `user_id`, `filename`, `size`, `metadata`, `created_at`, `updated_at`) VALUES (31, 3, 31, 'xnidgnru', 2632, NULL, '1987-10-17 21:06:09', '1973-08-23 08:59:59');
INSERT INTO `media` (`id`, `media_type_id`, `user_id`, `filename`, `size`, `metadata`, `created_at`, `updated_at`) VALUES (32, 4, 32, 'euaagtrm', 5656, NULL, '1986-01-09 07:05:22', '2012-07-31 01:14:31');
INSERT INTO `media` (`id`, `media_type_id`, `user_id`, `filename`, `size`, `metadata`, `created_at`, `updated_at`) VALUES (33, 5, 33, 'tkjezxbr', 12936, NULL, '2014-10-26 22:46:12', '2010-01-02 19:20:55');
INSERT INTO `media` (`id`, `media_type_id`, `user_id`, `filename`, `size`, `metadata`, `created_at`, `updated_at`) VALUES (34, 6, 34, 'owadokle', 8738, NULL, '1985-04-17 11:32:32', '1994-01-27 06:36:33');
INSERT INTO `media` (`id`, `media_type_id`, `user_id`, `filename`, `size`, `metadata`, `created_at`, `updated_at`) VALUES (35, 7, 35, 'jjlysftx', 13918, NULL, '2002-08-22 12:00:30', '1983-11-15 02:36:10');
INSERT INTO `media` (`id`, `media_type_id`, `user_id`, `filename`, `size`, `metadata`, `created_at`, `updated_at`) VALUES (36, 1, 36, 'jqiyqnyy', 3820, NULL, '1990-07-25 20:34:14', '1994-04-21 00:48:31');
INSERT INTO `media` (`id`, `media_type_id`, `user_id`, `filename`, `size`, `metadata`, `created_at`, `updated_at`) VALUES (37, 2, 37, 'tfefsxhv', 16490, NULL, '2002-07-30 15:48:30', '1988-06-03 05:36:46');
INSERT INTO `media` (`id`, `media_type_id`, `user_id`, `filename`, `size`, `metadata`, `created_at`, `updated_at`) VALUES (38, 3, 38, 'znkpvyon', 17044, NULL, '1988-04-23 06:46:03', '2000-06-24 18:27:28');
INSERT INTO `media` (`id`, `media_type_id`, `user_id`, `filename`, `size`, `metadata`, `created_at`, `updated_at`) VALUES (39, 4, 39, 'arjmxinc', 2685, NULL, '1997-10-30 23:39:52', '1973-06-16 01:11:07');
INSERT INTO `media` (`id`, `media_type_id`, `user_id`, `filename`, `size`, `metadata`, `created_at`, `updated_at`) VALUES (40, 5, 40, 'jeubmrzi', 12040, NULL, '1996-09-12 22:05:21', '2009-07-05 17:39:47');
INSERT INTO `media` (`id`, `media_type_id`, `user_id`, `filename`, `size`, `metadata`, `created_at`, `updated_at`) VALUES (41, 6, 41, 'nijyzuba', 18600, NULL, '1989-07-03 01:48:45', '1975-07-12 13:55:18');
INSERT INTO `media` (`id`, `media_type_id`, `user_id`, `filename`, `size`, `metadata`, `created_at`, `updated_at`) VALUES (42, 7, 42, 'orhsysru', 6664, NULL, '2012-05-30 16:01:49', '2017-01-20 01:22:45');
INSERT INTO `media` (`id`, `media_type_id`, `user_id`, `filename`, `size`, `metadata`, `created_at`, `updated_at`) VALUES (43, 1, 43, 'fkdnvjzq', 6037, NULL, '1971-04-05 01:18:24', '2003-05-14 20:47:10');
INSERT INTO `media` (`id`, `media_type_id`, `user_id`, `filename`, `size`, `metadata`, `created_at`, `updated_at`) VALUES (44, 2, 44, 'gwghjlvd', 9586, NULL, '2011-02-13 00:15:43', '2019-06-14 20:45:17');
INSERT INTO `media` (`id`, `media_type_id`, `user_id`, `filename`, `size`, `metadata`, `created_at`, `updated_at`) VALUES (45, 3, 45, 'mfqovmnz', 8572, NULL, '1970-01-06 12:40:20', '1991-10-14 06:15:40');
INSERT INTO `media` (`id`, `media_type_id`, `user_id`, `filename`, `size`, `metadata`, `created_at`, `updated_at`) VALUES (46, 4, 46, 'ewvgomaf', 7221, NULL, '2004-12-07 14:28:29', '2006-10-02 22:51:59');
INSERT INTO `media` (`id`, `media_type_id`, `user_id`, `filename`, `size`, `metadata`, `created_at`, `updated_at`) VALUES (47, 5, 47, 'czwyufre', 19457, NULL, '2007-05-23 17:24:03', '1985-03-03 17:11:56');
INSERT INTO `media` (`id`, `media_type_id`, `user_id`, `filename`, `size`, `metadata`, `created_at`, `updated_at`) VALUES (48, 6, 48, 'vyjzpbhs', 7316, NULL, '2007-04-27 08:29:23', '1981-02-17 03:27:15');
INSERT INTO `media` (`id`, `media_type_id`, `user_id`, `filename`, `size`, `metadata`, `created_at`, `updated_at`) VALUES (49, 7, 49, 'hltltxvl', 3970, NULL, '1992-11-13 04:53:19', '1972-10-28 22:21:35');
INSERT INTO `media` (`id`, `media_type_id`, `user_id`, `filename`, `size`, `metadata`, `created_at`, `updated_at`) VALUES (50, 1, 50, 'bkgewcts', 8426, NULL, '2005-07-04 18:17:45', '1983-02-21 09:13:13');
INSERT INTO `media` (`id`, `media_type_id`, `user_id`, `filename`, `size`, `metadata`, `created_at`, `updated_at`) VALUES (51, 2, 51, 'zkesftgx', 10655, NULL, '1979-04-28 10:53:10', '1989-02-07 01:07:35');
INSERT INTO `media` (`id`, `media_type_id`, `user_id`, `filename`, `size`, `metadata`, `created_at`, `updated_at`) VALUES (52, 3, 52, 'aeasfqsk', 8110, NULL, '1978-09-07 11:10:17', '2006-08-31 14:37:07');
INSERT INTO `media` (`id`, `media_type_id`, `user_id`, `filename`, `size`, `metadata`, `created_at`, `updated_at`) VALUES (53, 4, 53, 'wfuwspgw', 3973, NULL, '1985-07-20 07:07:33', '1995-09-15 21:14:11');
INSERT INTO `media` (`id`, `media_type_id`, `user_id`, `filename`, `size`, `metadata`, `created_at`, `updated_at`) VALUES (54, 5, 54, 'gueabrka', 17937, NULL, '2010-08-28 01:33:42', '1976-07-24 00:54:48');
INSERT INTO `media` (`id`, `media_type_id`, `user_id`, `filename`, `size`, `metadata`, `created_at`, `updated_at`) VALUES (55, 6, 55, 'vledgujf', 1497, NULL, '1981-12-14 18:35:35', '2006-03-16 02:32:18');
INSERT INTO `media` (`id`, `media_type_id`, `user_id`, `filename`, `size`, `metadata`, `created_at`, `updated_at`) VALUES (56, 7, 56, 'ajsyybqo', 5851, NULL, '1975-01-19 13:08:58', '2008-08-23 05:34:14');
INSERT INTO `media` (`id`, `media_type_id`, `user_id`, `filename`, `size`, `metadata`, `created_at`, `updated_at`) VALUES (57, 1, 57, 'gyyzqhuz', 18149, NULL, '1970-12-11 14:30:25', '1983-08-02 12:45:31');
INSERT INTO `media` (`id`, `media_type_id`, `user_id`, `filename`, `size`, `metadata`, `created_at`, `updated_at`) VALUES (58, 2, 58, 'siielkxr', 16885, NULL, '2002-08-05 00:30:16', '2009-05-21 02:38:04');
INSERT INTO `media` (`id`, `media_type_id`, `user_id`, `filename`, `size`, `metadata`, `created_at`, `updated_at`) VALUES (59, 3, 59, 'qlaqvxhh', 5089, NULL, '1997-05-30 23:25:27', '2014-12-02 19:20:49');
INSERT INTO `media` (`id`, `media_type_id`, `user_id`, `filename`, `size`, `metadata`, `created_at`, `updated_at`) VALUES (60, 4, 60, 'avofukpp', 17824, NULL, '1978-02-08 17:31:45', '1994-12-22 23:38:55');
INSERT INTO `media` (`id`, `media_type_id`, `user_id`, `filename`, `size`, `metadata`, `created_at`, `updated_at`) VALUES (61, 5, 61, 'qjkflqvr', 17109, NULL, '1971-01-08 05:00:29', '2006-09-05 07:48:12');
INSERT INTO `media` (`id`, `media_type_id`, `user_id`, `filename`, `size`, `metadata`, `created_at`, `updated_at`) VALUES (62, 6, 62, 'fryyohny', 4486, NULL, '1986-11-16 01:59:43', '2004-10-01 17:54:08');
INSERT INTO `media` (`id`, `media_type_id`, `user_id`, `filename`, `size`, `metadata`, `created_at`, `updated_at`) VALUES (63, 7, 63, 'xylvcohp', 4922, NULL, '1979-02-04 05:31:32', '1988-01-14 22:50:06');
INSERT INTO `media` (`id`, `media_type_id`, `user_id`, `filename`, `size`, `metadata`, `created_at`, `updated_at`) VALUES (64, 1, 64, 'fnsdddqc', 11551, NULL, '1998-04-22 15:06:48', '2000-05-26 06:47:14');
INSERT INTO `media` (`id`, `media_type_id`, `user_id`, `filename`, `size`, `metadata`, `created_at`, `updated_at`) VALUES (65, 2, 65, 'tcqhrmrq', 6686, NULL, '2014-04-14 13:53:22', '1996-03-14 23:26:25');
INSERT INTO `media` (`id`, `media_type_id`, `user_id`, `filename`, `size`, `metadata`, `created_at`, `updated_at`) VALUES (66, 3, 66, 'tgimwooi', 9846, NULL, '1997-09-13 01:01:07', '1986-05-21 13:20:50');
INSERT INTO `media` (`id`, `media_type_id`, `user_id`, `filename`, `size`, `metadata`, `created_at`, `updated_at`) VALUES (67, 4, 67, 'qtqzwvbw', 8907, NULL, '2016-07-22 13:50:22', '2000-01-31 20:09:18');
INSERT INTO `media` (`id`, `media_type_id`, `user_id`, `filename`, `size`, `metadata`, `created_at`, `updated_at`) VALUES (68, 5, 68, 'ppeoqecx', 6540, NULL, '1976-08-20 02:19:23', '2017-04-07 15:49:08');
INSERT INTO `media` (`id`, `media_type_id`, `user_id`, `filename`, `size`, `metadata`, `created_at`, `updated_at`) VALUES (69, 6, 69, 'qheaqiqc', 12610, NULL, '1996-10-29 15:16:51', '1982-10-30 08:29:31');
INSERT INTO `media` (`id`, `media_type_id`, `user_id`, `filename`, `size`, `metadata`, `created_at`, `updated_at`) VALUES (70, 7, 70, 'mudjtyvp', 16182, NULL, '1984-08-30 02:44:17', '2010-11-29 20:09:57');
INSERT INTO `media` (`id`, `media_type_id`, `user_id`, `filename`, `size`, `metadata`, `created_at`, `updated_at`) VALUES (71, 1, 71, 'ahdjecic', 1998, NULL, '1970-06-21 20:52:10', '1979-03-28 06:59:38');
INSERT INTO `media` (`id`, `media_type_id`, `user_id`, `filename`, `size`, `metadata`, `created_at`, `updated_at`) VALUES (72, 2, 72, 'dqwcqlez', 12239, NULL, '2009-04-21 13:58:31', '1982-04-15 08:51:46');
INSERT INTO `media` (`id`, `media_type_id`, `user_id`, `filename`, `size`, `metadata`, `created_at`, `updated_at`) VALUES (73, 3, 73, 'peklsqju', 8356, NULL, '1998-06-11 07:10:43', '1978-12-13 04:36:42');
INSERT INTO `media` (`id`, `media_type_id`, `user_id`, `filename`, `size`, `metadata`, `created_at`, `updated_at`) VALUES (74, 4, 74, 'hksoosmt', 9742, NULL, '2007-06-13 17:33:03', '2011-06-24 00:19:10');
INSERT INTO `media` (`id`, `media_type_id`, `user_id`, `filename`, `size`, `metadata`, `created_at`, `updated_at`) VALUES (75, 5, 75, 'pmagbprc', 6879, NULL, '2015-03-07 07:41:48', '1990-09-01 06:05:47');
INSERT INTO `media` (`id`, `media_type_id`, `user_id`, `filename`, `size`, `metadata`, `created_at`, `updated_at`) VALUES (76, 6, 76, 'gwfraapd', 10383, NULL, '2017-11-20 23:45:19', '1985-01-18 15:42:39');
INSERT INTO `media` (`id`, `media_type_id`, `user_id`, `filename`, `size`, `metadata`, `created_at`, `updated_at`) VALUES (77, 7, 77, 'cvkupvvz', 16797, NULL, '1984-02-08 02:05:44', '1991-10-24 21:44:06');
INSERT INTO `media` (`id`, `media_type_id`, `user_id`, `filename`, `size`, `metadata`, `created_at`, `updated_at`) VALUES (78, 1, 78, 'adscnehw', 19782, NULL, '1995-04-25 19:39:23', '1991-06-18 00:19:00');
INSERT INTO `media` (`id`, `media_type_id`, `user_id`, `filename`, `size`, `metadata`, `created_at`, `updated_at`) VALUES (79, 2, 79, 'xzxplkko', 3733, NULL, '2001-03-03 11:04:10', '1975-12-02 15:44:10');
INSERT INTO `media` (`id`, `media_type_id`, `user_id`, `filename`, `size`, `metadata`, `created_at`, `updated_at`) VALUES (80, 3, 80, 'qybfphqh', 5089, NULL, '2008-07-07 13:32:23', '1981-06-09 23:05:30');
INSERT INTO `media` (`id`, `media_type_id`, `user_id`, `filename`, `size`, `metadata`, `created_at`, `updated_at`) VALUES (81, 4, 81, 'phxswajo', 10525, NULL, '1978-12-08 23:32:23', '2009-10-09 18:11:47');
INSERT INTO `media` (`id`, `media_type_id`, `user_id`, `filename`, `size`, `metadata`, `created_at`, `updated_at`) VALUES (82, 5, 82, 'qtrwdszd', 19383, NULL, '1974-09-02 06:24:07', '2007-03-21 17:25:56');
INSERT INTO `media` (`id`, `media_type_id`, `user_id`, `filename`, `size`, `metadata`, `created_at`, `updated_at`) VALUES (83, 6, 83, 'ioipcsgm', 19972, NULL, '1988-07-11 00:39:56', '2012-06-07 03:24:58');
INSERT INTO `media` (`id`, `media_type_id`, `user_id`, `filename`, `size`, `metadata`, `created_at`, `updated_at`) VALUES (84, 7, 84, 'epraudsp', 10740, NULL, '1985-10-03 19:33:32', '2007-03-14 22:02:40');
INSERT INTO `media` (`id`, `media_type_id`, `user_id`, `filename`, `size`, `metadata`, `created_at`, `updated_at`) VALUES (85, 1, 85, 'hyxriqfb', 17701, NULL, '2003-06-27 13:04:39', '1980-11-25 16:23:56');
INSERT INTO `media` (`id`, `media_type_id`, `user_id`, `filename`, `size`, `metadata`, `created_at`, `updated_at`) VALUES (86, 2, 86, 'szktvpek', 7334, NULL, '2018-06-04 04:22:04', '1994-09-24 17:27:14');
INSERT INTO `media` (`id`, `media_type_id`, `user_id`, `filename`, `size`, `metadata`, `created_at`, `updated_at`) VALUES (87, 3, 87, 'ldgshpiv', 8186, NULL, '2004-03-16 06:57:22', '1975-08-14 01:08:08');
INSERT INTO `media` (`id`, `media_type_id`, `user_id`, `filename`, `size`, `metadata`, `created_at`, `updated_at`) VALUES (88, 4, 88, 'enwpwlrz', 17920, NULL, '2017-12-16 20:02:17', '1977-10-22 21:54:58');
INSERT INTO `media` (`id`, `media_type_id`, `user_id`, `filename`, `size`, `metadata`, `created_at`, `updated_at`) VALUES (89, 5, 89, 'kglgikhv', 18995, NULL, '2005-05-24 12:14:59', '1984-11-19 07:24:24');
INSERT INTO `media` (`id`, `media_type_id`, `user_id`, `filename`, `size`, `metadata`, `created_at`, `updated_at`) VALUES (90, 6, 90, 'onaompmf', 7909, NULL, '2017-05-20 23:34:57', '1994-03-09 00:39:17');
INSERT INTO `media` (`id`, `media_type_id`, `user_id`, `filename`, `size`, `metadata`, `created_at`, `updated_at`) VALUES (91, 7, 91, 'jvpasbeo', 16312, NULL, '2019-05-15 00:30:34', '2012-01-03 04:17:17');
INSERT INTO `media` (`id`, `media_type_id`, `user_id`, `filename`, `size`, `metadata`, `created_at`, `updated_at`) VALUES (92, 1, 92, 'iisckhxd', 7019, NULL, '1978-06-20 17:11:55', '2003-06-25 16:22:12');
INSERT INTO `media` (`id`, `media_type_id`, `user_id`, `filename`, `size`, `metadata`, `created_at`, `updated_at`) VALUES (93, 2, 93, 'icjmbllm', 11172, NULL, '1995-09-08 12:21:13', '1983-12-04 06:38:18');
INSERT INTO `media` (`id`, `media_type_id`, `user_id`, `filename`, `size`, `metadata`, `created_at`, `updated_at`) VALUES (94, 3, 94, 'pvvxapgj', 14895, NULL, '1973-03-29 19:46:02', '2012-06-03 05:45:36');
INSERT INTO `media` (`id`, `media_type_id`, `user_id`, `filename`, `size`, `metadata`, `created_at`, `updated_at`) VALUES (95, 4, 95, 'gpwubwee', 3308, NULL, '1999-11-03 05:44:07', '2006-09-23 06:24:11');
INSERT INTO `media` (`id`, `media_type_id`, `user_id`, `filename`, `size`, `metadata`, `created_at`, `updated_at`) VALUES (96, 5, 96, 'fjdjexoh', 959, NULL, '1993-09-12 07:13:00', '1986-02-01 03:28:32');
INSERT INTO `media` (`id`, `media_type_id`, `user_id`, `filename`, `size`, `metadata`, `created_at`, `updated_at`) VALUES (97, 6, 97, 'ncgvmplu', 7140, NULL, '1997-01-28 16:15:06', '1975-06-17 03:05:34');
INSERT INTO `media` (`id`, `media_type_id`, `user_id`, `filename`, `size`, `metadata`, `created_at`, `updated_at`) VALUES (98, 7, 98, 'tvauvfeg', 19751, NULL, '1996-11-06 11:53:50', '2013-11-13 02:21:30');
INSERT INTO `media` (`id`, `media_type_id`, `user_id`, `filename`, `size`, `metadata`, `created_at`, `updated_at`) VALUES (99, 1, 99, 'qjtgjzxc', 2018, NULL, '1971-08-21 18:54:39', '2010-11-09 23:12:42');
INSERT INTO `media` (`id`, `media_type_id`, `user_id`, `filename`, `size`, `metadata`, `created_at`, `updated_at`) VALUES (100, 2, 100, 'ekhgdewh', 19822, NULL, '1994-02-27 01:44:12', '1999-05-31 16:43:36');


#
# TABLE STRUCTURE FOR: media_types
#

DROP TABLE IF EXISTS `media_types`;

CREATE TABLE `media_types` (
  `id` int(10) unsigned NOT NULL AUTO_INCREMENT,
  `name` varchar(255) COLLATE utf8_unicode_ci NOT NULL,
  PRIMARY KEY (`id`),
  UNIQUE KEY `name` (`name`)
) ENGINE=InnoDB AUTO_INCREMENT=8 DEFAULT CHARSET=utf8 COLLATE=utf8_unicode_ci;

INSERT INTO `media_types` (`id`, `name`) VALUES (4, ' AVI');
INSERT INTO `media_types` (`id`, `name`) VALUES (2, ' GIF');
INSERT INTO `media_types` (`id`, `name`) VALUES (1, ' JEPEG');
INSERT INTO `media_types` (`id`, `name`) VALUES (7, ' MP3');
INSERT INTO `media_types` (`id`, `name`) VALUES (3, ' MP4');
INSERT INTO `media_types` (`id`, `name`) VALUES (5, ' MPEG');
INSERT INTO `media_types` (`id`, `name`) VALUES (6, 'JPG');


#
# TABLE STRUCTURE FOR: messages
#

DROP TABLE IF EXISTS `messages`;

CREATE TABLE `messages` (
  `id` int(10) unsigned NOT NULL AUTO_INCREMENT,
  `from_user_id` int(10) unsigned NOT NULL,
  `to_user_id` int(10) unsigned NOT NULL,
  `body` text COLLATE utf8_unicode_ci NOT NULL,
  `important` tinyint(1) DEFAULT NULL,
  `delivered` tinyint(1) DEFAULT NULL,
  `created_at` datetime DEFAULT current_timestamp(),
  PRIMARY KEY (`id`)
) ENGINE=InnoDB AUTO_INCREMENT=201 DEFAULT CHARSET=utf8 COLLATE=utf8_unicode_ci;

INSERT INTO `messages` (`id`, `from_user_id`, `to_user_id`, `body`, `important`, `delivered`, `created_at`) VALUES (1, 93, 66, 'Voluptatibus non officiis doloremque voluptas. Omnis repellendus est et earum. Molestiae deserunt voluptatem rerum.', 0, 0, '2014-09-22 01:15:29');
INSERT INTO `messages` (`id`, `from_user_id`, `to_user_id`, `body`, `important`, `delivered`, `created_at`) VALUES (2, 8, 79, 'Inventore veniam qui dolorem et ipsa aut esse. Aliquam voluptas adipisci dolorum et quod.', 1, 0, '1979-10-20 08:41:44');
INSERT INTO `messages` (`id`, `from_user_id`, `to_user_id`, `body`, `important`, `delivered`, `created_at`) VALUES (3, 19, 42, 'Delectus voluptates a nobis et optio odit consequatur. Repellat unde est et temporibus qui cumque. Dicta qui veritatis dolores molestiae.', 0, 0, '1978-10-03 21:39:09');
INSERT INTO `messages` (`id`, `from_user_id`, `to_user_id`, `body`, `important`, `delivered`, `created_at`) VALUES (4, 56, 71, 'Et beatae non exercitationem molestiae. Molestiae totam voluptas voluptatem accusantium velit possimus. Rerum dolor aut nesciunt sed consectetur ea. Ducimus et reprehenderit tempora odio qui natus nobis tempore. Qui quisquam est qui.', 0, 0, '1983-03-05 15:42:53');
INSERT INTO `messages` (`id`, `from_user_id`, `to_user_id`, `body`, `important`, `delivered`, `created_at`) VALUES (5, 86, 73, 'Ut et vitae qui. In id sapiente esse velit dolorem accusamus aut. Nihil odit tempora dolor in consectetur.', 0, 1, '2014-10-01 22:49:16');
INSERT INTO `messages` (`id`, `from_user_id`, `to_user_id`, `body`, `important`, `delivered`, `created_at`) VALUES (6, 15, 97, 'Ut occaecati et ex itaque. Consequatur fuga quibusdam provident explicabo architecto architecto. Praesentium commodi ipsa in praesentium possimus consequatur. Sit in id et distinctio eaque facilis.', 0, 1, '1977-10-26 20:56:15');
INSERT INTO `messages` (`id`, `from_user_id`, `to_user_id`, `body`, `important`, `delivered`, `created_at`) VALUES (7, 54, 6, 'Amet repudiandae eum repudiandae architecto iste autem. Qui ipsum aut dolore omnis eum. Pariatur nemo autem in est quia. Recusandae fugit voluptatem omnis nostrum omnis illum eveniet.', 0, 0, '1987-04-06 12:28:49');
INSERT INTO `messages` (`id`, `from_user_id`, `to_user_id`, `body`, `important`, `delivered`, `created_at`) VALUES (8, 69, 12, 'Eum earum eaque quis. Assumenda qui corporis quibusdam magnam quos. Qui ut repudiandae voluptas dignissimos quis.', 0, 1, '1973-12-09 21:40:11');
INSERT INTO `messages` (`id`, `from_user_id`, `to_user_id`, `body`, `important`, `delivered`, `created_at`) VALUES (9, 81, 42, 'Quibusdam at natus nostrum sint. Quisquam consequatur placeat id sed quo. Error id perferendis sit odit atque.', 0, 1, '2012-01-24 21:43:47');
INSERT INTO `messages` (`id`, `from_user_id`, `to_user_id`, `body`, `important`, `delivered`, `created_at`) VALUES (10, 5, 1, 'Quasi explicabo adipisci quis et. Reiciendis ut iusto quia voluptatibus ab repellendus doloremque quisquam. Consequuntur laborum est voluptatum qui ipsa blanditiis hic. Odit aspernatur ut expedita modi optio possimus. Nisi accusamus error labore expedita.', 1, 1, '1992-02-21 02:15:32');
INSERT INTO `messages` (`id`, `from_user_id`, `to_user_id`, `body`, `important`, `delivered`, `created_at`) VALUES (11, 75, 41, 'Tempora facilis voluptatem qui earum nobis. Omnis cumque rerum et harum dicta unde corrupti sed. Consequatur qui corporis et molestiae enim quas quis.', 1, 0, '1999-07-23 06:48:16');
INSERT INTO `messages` (`id`, `from_user_id`, `to_user_id`, `body`, `important`, `delivered`, `created_at`) VALUES (12, 82, 26, 'Harum sed quam tenetur rerum. Adipisci et qui harum enim quisquam est eum. Et qui quos qui sit. Aut soluta reprehenderit est nihil.', 1, 1, '1998-11-29 10:45:29');
INSERT INTO `messages` (`id`, `from_user_id`, `to_user_id`, `body`, `important`, `delivered`, `created_at`) VALUES (13, 27, 74, 'Modi quisquam autem doloribus quo. Sapiente minus qui sint nesciunt adipisci et adipisci rerum. Qui quis aut officia expedita praesentium id explicabo.', 0, 0, '2004-08-28 07:50:21');
INSERT INTO `messages` (`id`, `from_user_id`, `to_user_id`, `body`, `important`, `delivered`, `created_at`) VALUES (14, 43, 95, 'Accusantium suscipit ab velit consequatur dignissimos. Omnis delectus sed debitis repellendus aliquid aliquam nesciunt. Quia excepturi soluta placeat illo aut. Atque possimus quasi ut et qui.', 1, 1, '1970-12-14 03:39:30');
INSERT INTO `messages` (`id`, `from_user_id`, `to_user_id`, `body`, `important`, `delivered`, `created_at`) VALUES (15, 26, 60, 'Quo sint provident ex vero rerum veritatis. Id qui ullam ut nostrum voluptatem hic. Rerum eaque reiciendis sit voluptatum quia reprehenderit quia qui. Nesciunt iste corporis fugiat.', 0, 1, '1972-06-12 22:23:12');
INSERT INTO `messages` (`id`, `from_user_id`, `to_user_id`, `body`, `important`, `delivered`, `created_at`) VALUES (16, 56, 19, 'Quibusdam quia numquam voluptatum dignissimos. Tempore repellendus reiciendis recusandae odio voluptatem ducimus nisi. Reprehenderit quam error fugiat maxime fuga praesentium. Ea dignissimos cum quibusdam ipsum.', 1, 0, '1988-11-22 15:31:57');
INSERT INTO `messages` (`id`, `from_user_id`, `to_user_id`, `body`, `important`, `delivered`, `created_at`) VALUES (17, 25, 63, 'Blanditiis dolores voluptatem doloremque id ut. Voluptatem in architecto necessitatibus pariatur. Qui non quas nihil qui. Voluptas dolorem aliquid deleniti dolore nemo. Rerum doloribus omnis ducimus dolores.', 0, 1, '2017-04-25 08:35:52');
INSERT INTO `messages` (`id`, `from_user_id`, `to_user_id`, `body`, `important`, `delivered`, `created_at`) VALUES (18, 97, 44, 'Consequatur qui laborum aspernatur dolorem mollitia quia sint. Autem consectetur quia veniam sunt tenetur.', 1, 0, '2009-07-16 03:56:40');
INSERT INTO `messages` (`id`, `from_user_id`, `to_user_id`, `body`, `important`, `delivered`, `created_at`) VALUES (19, 5, 53, 'Aut corporis sit minus aut rerum sint illo dolor. Aut neque inventore laudantium minima. Itaque aut voluptatem aut iure blanditiis consequatur. Error consectetur accusamus quos vitae dicta recusandae quia.', 1, 0, '1985-03-01 19:45:50');
INSERT INTO `messages` (`id`, `from_user_id`, `to_user_id`, `body`, `important`, `delivered`, `created_at`) VALUES (20, 14, 90, 'Officiis et ducimus totam quidem quia quibusdam. Qui placeat delectus amet eos qui error. Quisquam deserunt delectus suscipit quo corporis.', 0, 1, '1978-11-11 10:12:30');
INSERT INTO `messages` (`id`, `from_user_id`, `to_user_id`, `body`, `important`, `delivered`, `created_at`) VALUES (21, 25, 29, 'Et quaerat consequuntur molestiae. Consequatur sit laudantium culpa sed dolorum laudantium quidem. Et labore beatae quaerat.', 1, 0, '1975-08-13 05:28:45');
INSERT INTO `messages` (`id`, `from_user_id`, `to_user_id`, `body`, `important`, `delivered`, `created_at`) VALUES (22, 87, 79, 'Maiores atque expedita officiis nisi velit. Similique rerum qui enim. Et et sunt deleniti ut et. Non odit iste dolor dolor.', 1, 1, '1979-12-21 07:27:13');
INSERT INTO `messages` (`id`, `from_user_id`, `to_user_id`, `body`, `important`, `delivered`, `created_at`) VALUES (23, 35, 56, 'Rerum quia autem neque. Asperiores ut recusandae labore aut. Sed cum sunt sed aspernatur expedita. Sit consequatur est ut in aspernatur voluptas.', 1, 0, '1979-08-05 17:56:44');
INSERT INTO `messages` (`id`, `from_user_id`, `to_user_id`, `body`, `important`, `delivered`, `created_at`) VALUES (24, 91, 15, 'Vitae sit recusandae autem pariatur eos nobis. Minus non harum excepturi magnam. Architecto a voluptas adipisci consequatur commodi et.', 1, 1, '1994-11-06 10:30:33');
INSERT INTO `messages` (`id`, `from_user_id`, `to_user_id`, `body`, `important`, `delivered`, `created_at`) VALUES (25, 97, 95, 'Quasi fugiat occaecati veniam et. Et dolor aliquid nihil itaque.', 0, 1, '1992-10-06 21:47:43');
INSERT INTO `messages` (`id`, `from_user_id`, `to_user_id`, `body`, `important`, `delivered`, `created_at`) VALUES (26, 16, 71, 'Magni iste sit recusandae officia hic ex. Minima et omnis qui voluptate sit maxime. Et tempore praesentium assumenda repellat voluptates voluptas.', 0, 0, '1973-10-27 17:24:53');
INSERT INTO `messages` (`id`, `from_user_id`, `to_user_id`, `body`, `important`, `delivered`, `created_at`) VALUES (27, 36, 97, 'Eos ut rerum alias quia reiciendis qui. Rerum omnis earum quo aliquam provident omnis enim.', 1, 0, '1980-02-10 07:02:37');
INSERT INTO `messages` (`id`, `from_user_id`, `to_user_id`, `body`, `important`, `delivered`, `created_at`) VALUES (28, 97, 63, 'Est libero aspernatur autem error temporibus aspernatur. Quia laborum eum illum et.', 0, 1, '1996-04-01 05:26:37');
INSERT INTO `messages` (`id`, `from_user_id`, `to_user_id`, `body`, `important`, `delivered`, `created_at`) VALUES (29, 71, 40, 'Fuga corporis ut eos suscipit ab fugit ea. Vero sed molestias est impedit beatae maiores pariatur exercitationem.', 1, 1, '1983-11-24 05:35:12');
INSERT INTO `messages` (`id`, `from_user_id`, `to_user_id`, `body`, `important`, `delivered`, `created_at`) VALUES (30, 57, 96, 'Aut minima saepe quo quo dolorem molestiae et. Fugiat exercitationem quisquam nostrum deleniti. Aperiam occaecati enim similique sit aut omnis. Nesciunt necessitatibus quisquam ea corporis. Voluptate minus dolores aut fugit.', 1, 1, '2005-04-02 17:19:19');
INSERT INTO `messages` (`id`, `from_user_id`, `to_user_id`, `body`, `important`, `delivered`, `created_at`) VALUES (31, 99, 12, 'Et sint quod modi. Inventore vero qui illo perferendis et. Et aspernatur ducimus est rem libero amet quo.', 0, 0, '1986-04-18 18:33:15');
INSERT INTO `messages` (`id`, `from_user_id`, `to_user_id`, `body`, `important`, `delivered`, `created_at`) VALUES (32, 15, 24, 'Saepe voluptas adipisci saepe inventore excepturi rerum non. Suscipit culpa debitis doloremque rerum mollitia ipsam. Corrupti occaecati deleniti dolore pariatur a aut occaecati rerum.', 1, 1, '1971-05-29 21:06:35');
INSERT INTO `messages` (`id`, `from_user_id`, `to_user_id`, `body`, `important`, `delivered`, `created_at`) VALUES (33, 75, 11, 'Quas omnis fugit autem quasi ut aut. Commodi nemo maiores fugiat. Ab repudiandae eos aut ut dolor. Et sed voluptatem cum vitae quisquam qui non. Aut sit quo et ipsum expedita est vero.', 1, 1, '2005-10-24 01:08:12');
INSERT INTO `messages` (`id`, `from_user_id`, `to_user_id`, `body`, `important`, `delivered`, `created_at`) VALUES (34, 68, 79, 'Non ipsa omnis totam. Consequatur nulla vel unde animi expedita autem. Aut provident consectetur architecto qui. Quos consectetur veniam nulla in assumenda quia.', 1, 1, '1983-10-06 06:56:50');
INSERT INTO `messages` (`id`, `from_user_id`, `to_user_id`, `body`, `important`, `delivered`, `created_at`) VALUES (35, 63, 81, 'Odit eius tenetur et accusamus perferendis omnis. Quia et accusamus dolor laboriosam nemo magnam placeat. Ipsum dolores quod ea nisi quas modi.', 0, 1, '2012-08-18 07:43:05');
INSERT INTO `messages` (`id`, `from_user_id`, `to_user_id`, `body`, `important`, `delivered`, `created_at`) VALUES (36, 69, 88, 'Dolores maiores in non dolor. In debitis quod perferendis voluptatibus laboriosam et.', 1, 1, '1991-10-13 16:36:15');
INSERT INTO `messages` (`id`, `from_user_id`, `to_user_id`, `body`, `important`, `delivered`, `created_at`) VALUES (37, 10, 55, 'Maxime rerum sequi ipsum. Rerum iure nihil inventore inventore sed. Autem rem pariatur possimus hic similique voluptatem.', 1, 0, '2016-07-02 07:38:04');
INSERT INTO `messages` (`id`, `from_user_id`, `to_user_id`, `body`, `important`, `delivered`, `created_at`) VALUES (38, 67, 44, 'Ut et nihil voluptatem. Amet vel consequatur veniam non quisquam. Voluptatem iusto aperiam quasi consequatur earum. Aut est cupiditate earum veniam aut eum.', 1, 1, '2006-06-06 18:05:52');
INSERT INTO `messages` (`id`, `from_user_id`, `to_user_id`, `body`, `important`, `delivered`, `created_at`) VALUES (39, 11, 57, 'Facere quidem et minima fuga dolorem distinctio et. Dicta quia placeat qui explicabo consequatur. Molestiae possimus voluptas odit nihil fuga.', 1, 1, '1997-01-06 16:31:18');
INSERT INTO `messages` (`id`, `from_user_id`, `to_user_id`, `body`, `important`, `delivered`, `created_at`) VALUES (40, 59, 7, 'Fuga at quo necessitatibus officia. Quis fuga ea possimus voluptas nihil eos. Vitae natus accusamus possimus dolores harum laborum soluta. Aspernatur et rerum nemo tenetur officia nobis. Ut magni sit enim.', 0, 1, '1976-10-04 13:28:52');
INSERT INTO `messages` (`id`, `from_user_id`, `to_user_id`, `body`, `important`, `delivered`, `created_at`) VALUES (41, 52, 74, 'Harum pariatur maiores ratione omnis officia nesciunt sapiente. Eum eaque distinctio quas quis.', 1, 1, '2009-01-01 13:47:29');
INSERT INTO `messages` (`id`, `from_user_id`, `to_user_id`, `body`, `important`, `delivered`, `created_at`) VALUES (42, 77, 88, 'Sit magnam voluptatibus perspiciatis sed illo illum ea. Enim sit nisi repellendus accusamus ducimus saepe placeat. Quidem qui occaecati itaque est repellat voluptate ipsa.', 0, 1, '1991-08-27 09:46:07');
INSERT INTO `messages` (`id`, `from_user_id`, `to_user_id`, `body`, `important`, `delivered`, `created_at`) VALUES (43, 71, 74, 'Et consequatur tempora id et eos dolorem iure. Repellat id ex facere ut beatae nihil. Repellat qui exercitationem autem qui aut excepturi. Quibusdam ut quos delectus eveniet sunt. Dolor earum velit sit et aliquam.', 1, 1, '2018-04-10 04:52:29');
INSERT INTO `messages` (`id`, `from_user_id`, `to_user_id`, `body`, `important`, `delivered`, `created_at`) VALUES (44, 50, 41, 'Officia et sapiente iusto labore. Aut magnam nemo fugiat officiis. Nihil eius illum eius totam minima vero dolores.', 1, 1, '2006-05-05 02:24:09');
INSERT INTO `messages` (`id`, `from_user_id`, `to_user_id`, `body`, `important`, `delivered`, `created_at`) VALUES (45, 13, 6, 'Ut dicta ipsam necessitatibus et molestiae id doloribus. Nobis ea animi itaque similique est voluptatem ab. Fuga ex autem ut. Consequatur itaque ipsum ex sit et vel.', 0, 1, '2015-02-04 20:37:21');
INSERT INTO `messages` (`id`, `from_user_id`, `to_user_id`, `body`, `important`, `delivered`, `created_at`) VALUES (46, 37, 12, 'Nulla ipsam sint laudantium facere maiores illum est. Dolorum velit sit architecto iste aut quia. Sint dolores inventore quidem dolorem ea. Tenetur et exercitationem autem rerum velit rerum.', 1, 0, '1973-06-30 19:27:08');
INSERT INTO `messages` (`id`, `from_user_id`, `to_user_id`, `body`, `important`, `delivered`, `created_at`) VALUES (47, 18, 51, 'Reprehenderit et doloremque distinctio et rerum culpa eaque dolor. Ut unde quod ipsum in. Illum necessitatibus omnis omnis molestias et ipsum eum. Consequatur et iusto expedita odit.', 1, 0, '2006-07-15 20:47:45');
INSERT INTO `messages` (`id`, `from_user_id`, `to_user_id`, `body`, `important`, `delivered`, `created_at`) VALUES (48, 36, 92, 'Praesentium nihil ut dolore debitis voluptatem. Laborum harum ut non quibusdam. Modi provident debitis eius optio earum consequatur.', 1, 1, '1992-07-03 03:22:18');
INSERT INTO `messages` (`id`, `from_user_id`, `to_user_id`, `body`, `important`, `delivered`, `created_at`) VALUES (49, 61, 3, 'Sint ea dolor ut qui officiis magnam quo optio. Ut et id nemo deserunt facere. Blanditiis maxime vitae ipsa illo blanditiis. Dolores laborum sint voluptas quia ut.', 0, 0, '1975-08-16 08:38:45');
INSERT INTO `messages` (`id`, `from_user_id`, `to_user_id`, `body`, `important`, `delivered`, `created_at`) VALUES (50, 71, 24, 'Veniam minus eius nam dolore dolores. Sit voluptatibus non fugit nulla. Praesentium aperiam reprehenderit eos quia commodi quis. Excepturi laborum similique qui suscipit nihil excepturi et mollitia.', 1, 0, '1999-12-27 10:58:12');
INSERT INTO `messages` (`id`, `from_user_id`, `to_user_id`, `body`, `important`, `delivered`, `created_at`) VALUES (51, 84, 40, 'Voluptatem aut a corrupti et laudantium voluptate. Harum provident inventore aut aut quia. Reiciendis reiciendis et impedit neque doloribus.', 1, 0, '2014-02-10 23:17:17');
INSERT INTO `messages` (`id`, `from_user_id`, `to_user_id`, `body`, `important`, `delivered`, `created_at`) VALUES (52, 12, 93, 'Vel quo beatae et ea. Qui quia beatae aspernatur tempora voluptatibus qui aliquid quia. Voluptatem harum aut repellendus culpa quibusdam et sint sed.', 1, 1, '1986-10-17 15:56:06');
INSERT INTO `messages` (`id`, `from_user_id`, `to_user_id`, `body`, `important`, `delivered`, `created_at`) VALUES (53, 94, 78, 'Expedita recusandae omnis odit voluptas inventore sequi. Vitae fugiat deserunt quae delectus. Occaecati laudantium velit suscipit. Magnam eligendi omnis assumenda harum dolore quod natus perferendis.', 0, 1, '1984-02-22 17:49:24');
INSERT INTO `messages` (`id`, `from_user_id`, `to_user_id`, `body`, `important`, `delivered`, `created_at`) VALUES (54, 37, 5, 'Repellat perferendis perferendis aut et et excepturi vero. Perferendis ea sed rerum soluta. Adipisci adipisci quisquam quas saepe odit odio ad. Tenetur praesentium dolores ducimus aut cupiditate perferendis voluptatum.', 0, 0, '1987-09-28 02:27:16');
INSERT INTO `messages` (`id`, `from_user_id`, `to_user_id`, `body`, `important`, `delivered`, `created_at`) VALUES (55, 34, 96, 'Quos accusantium unde enim perferendis esse dolorem. Iure repellendus voluptates itaque consequuntur. Dignissimos quia architecto labore recusandae repudiandae. Quae eos mollitia perspiciatis ea commodi incidunt a.', 0, 1, '2016-08-12 18:58:06');
INSERT INTO `messages` (`id`, `from_user_id`, `to_user_id`, `body`, `important`, `delivered`, `created_at`) VALUES (56, 11, 86, 'Aspernatur qui maxime consequuntur. Odit earum dolores et maxime pariatur. Quas eveniet explicabo alias et dignissimos recusandae quia. Esse aut tempore autem velit iste dolorem non facere.', 0, 0, '1970-11-10 12:23:50');
INSERT INTO `messages` (`id`, `from_user_id`, `to_user_id`, `body`, `important`, `delivered`, `created_at`) VALUES (57, 69, 88, 'Similique adipisci rerum dolore nemo est. Aspernatur quisquam magnam sequi excepturi adipisci atque nemo. Accusantium minus est porro aliquid voluptatem alias.', 1, 0, '1976-06-16 03:35:09');
INSERT INTO `messages` (`id`, `from_user_id`, `to_user_id`, `body`, `important`, `delivered`, `created_at`) VALUES (58, 73, 40, 'Mollitia nesciunt sit quibusdam laudantium repudiandae. Et ut voluptatum est ad. Excepturi perspiciatis doloremque eveniet animi soluta quisquam aspernatur.', 1, 1, '1992-12-23 10:09:19');
INSERT INTO `messages` (`id`, `from_user_id`, `to_user_id`, `body`, `important`, `delivered`, `created_at`) VALUES (59, 61, 22, 'Est harum quis consequatur tenetur sequi. Qui qui dolorem qui quaerat itaque tempora ut quasi. Aliquid architecto beatae a perspiciatis.', 1, 1, '1977-05-25 20:52:14');
INSERT INTO `messages` (`id`, `from_user_id`, `to_user_id`, `body`, `important`, `delivered`, `created_at`) VALUES (60, 80, 74, 'Qui in maiores nesciunt sed ex deserunt cumque. Id vitae sint quas quae et quia blanditiis. Nam quisquam in qui qui.', 1, 0, '2006-05-13 13:10:54');
INSERT INTO `messages` (`id`, `from_user_id`, `to_user_id`, `body`, `important`, `delivered`, `created_at`) VALUES (61, 28, 16, 'Quos itaque ea sint dolores error qui. Doloribus omnis aut accusantium labore. Reprehenderit ut voluptas alias totam.', 1, 0, '1986-10-15 22:34:58');
INSERT INTO `messages` (`id`, `from_user_id`, `to_user_id`, `body`, `important`, `delivered`, `created_at`) VALUES (62, 85, 46, 'Ullam ducimus voluptatem natus deserunt. Perferendis aut sint consequatur. At voluptatem laudantium dolore fugit sint nihil. Ut consequuntur magnam cum facere.', 1, 0, '1997-08-22 13:57:57');
INSERT INTO `messages` (`id`, `from_user_id`, `to_user_id`, `body`, `important`, `delivered`, `created_at`) VALUES (63, 67, 21, 'Eveniet in non atque qui non dolore. Doloremque aut non alias velit repellendus officiis similique. Et enim illo tempora cum. Doloremque et consequatur consequatur sit sint quis quaerat voluptatibus.', 0, 0, '1985-12-28 03:59:32');
INSERT INTO `messages` (`id`, `from_user_id`, `to_user_id`, `body`, `important`, `delivered`, `created_at`) VALUES (64, 37, 28, 'Temporibus sit blanditiis magni nemo corporis repudiandae aliquam voluptatem. Debitis sed asperiores non cumque vel eum quidem ullam. Et sint delectus quam esse. Est molestiae recusandae aspernatur.', 1, 1, '2016-08-19 22:56:38');
INSERT INTO `messages` (`id`, `from_user_id`, `to_user_id`, `body`, `important`, `delivered`, `created_at`) VALUES (65, 23, 8, 'Rerum porro nisi et et ipsa dolorum rem ut. Sed vero ratione magnam illo incidunt. Velit voluptatem ipsum eos velit molestiae error a.', 0, 1, '2007-09-10 15:05:28');
INSERT INTO `messages` (`id`, `from_user_id`, `to_user_id`, `body`, `important`, `delivered`, `created_at`) VALUES (66, 51, 6, 'Occaecati sapiente consectetur vel consequuntur laudantium porro aut voluptatum. Modi fuga dolores dolore et aspernatur et. Sunt quisquam tempora qui suscipit sunt sed. Cumque reiciendis et iusto vero ipsa.', 1, 1, '1994-12-01 02:40:32');
INSERT INTO `messages` (`id`, `from_user_id`, `to_user_id`, `body`, `important`, `delivered`, `created_at`) VALUES (67, 47, 63, 'Officiis nemo neque velit est eum libero ut. Numquam sunt aut odio labore corrupti veniam.', 1, 0, '1996-04-01 21:24:16');
INSERT INTO `messages` (`id`, `from_user_id`, `to_user_id`, `body`, `important`, `delivered`, `created_at`) VALUES (68, 99, 41, 'Dolores rem magnam maxime adipisci. Optio excepturi quia similique minus assumenda. Eos dolores nam et aut ex quae architecto quos. Nemo sunt similique sit excepturi. Esse blanditiis sed veniam officia omnis sunt voluptas.', 1, 1, '1993-08-25 22:48:29');
INSERT INTO `messages` (`id`, `from_user_id`, `to_user_id`, `body`, `important`, `delivered`, `created_at`) VALUES (69, 40, 35, 'Non vitae quibusdam tempore ullam. Aliquam qui ipsam pariatur alias consequatur sapiente. Numquam facilis autem architecto totam.', 0, 0, '2018-04-11 11:39:11');
INSERT INTO `messages` (`id`, `from_user_id`, `to_user_id`, `body`, `important`, `delivered`, `created_at`) VALUES (70, 45, 74, 'Reiciendis natus in aut modi repellat. Quam rerum exercitationem quod est vel.', 1, 0, '1986-09-07 01:05:23');
INSERT INTO `messages` (`id`, `from_user_id`, `to_user_id`, `body`, `important`, `delivered`, `created_at`) VALUES (71, 30, 56, 'Occaecati quae est ut accusantium non autem. Rerum optio quos dolor ut dicta ipsam eaque. Molestias velit recusandae quam in error tenetur. Optio consectetur quia ut quidem nisi qui enim.', 0, 1, '1994-11-20 06:15:32');
INSERT INTO `messages` (`id`, `from_user_id`, `to_user_id`, `body`, `important`, `delivered`, `created_at`) VALUES (72, 59, 99, 'Rem laboriosam beatae quasi eligendi ut est. Ut odit quisquam error. Cum perferendis expedita veniam ut perferendis quia itaque necessitatibus.', 0, 0, '1980-11-14 23:58:28');
INSERT INTO `messages` (`id`, `from_user_id`, `to_user_id`, `body`, `important`, `delivered`, `created_at`) VALUES (73, 43, 32, 'Et cumque dolorum iusto quae delectus commodi sint quas. Sapiente qui sed velit. Omnis tenetur tenetur aut sit provident et aut.', 1, 1, '2012-11-02 01:41:29');
INSERT INTO `messages` (`id`, `from_user_id`, `to_user_id`, `body`, `important`, `delivered`, `created_at`) VALUES (74, 38, 4, 'Eum cupiditate dolorem saepe sed voluptas. Iure perferendis laboriosam saepe qui sit nostrum. Libero quis excepturi rem alias dolores labore. Unde velit accusamus animi eveniet.', 1, 0, '2007-06-13 17:16:14');
INSERT INTO `messages` (`id`, `from_user_id`, `to_user_id`, `body`, `important`, `delivered`, `created_at`) VALUES (75, 54, 18, 'Sunt veritatis sit voluptatum tempore. Ipsum et placeat fugiat corporis consequuntur quod iste dolorem. Et nulla qui facilis sequi optio. Autem enim quo illo consequatur.', 0, 1, '1984-11-26 08:56:46');
INSERT INTO `messages` (`id`, `from_user_id`, `to_user_id`, `body`, `important`, `delivered`, `created_at`) VALUES (76, 77, 81, 'Voluptatem qui est culpa eos saepe. Et iure in qui tempora fugit nulla nisi. Quasi vitae sint cum.', 0, 1, '1996-01-02 22:58:51');
INSERT INTO `messages` (`id`, `from_user_id`, `to_user_id`, `body`, `important`, `delivered`, `created_at`) VALUES (77, 33, 62, 'Rem laboriosam hic reprehenderit temporibus ipsa assumenda corporis. Quas sit harum ut molestias laborum possimus.', 1, 0, '1974-09-14 20:34:56');
INSERT INTO `messages` (`id`, `from_user_id`, `to_user_id`, `body`, `important`, `delivered`, `created_at`) VALUES (78, 26, 100, 'Et quae sunt possimus sint. Et est qui saepe doloremque rem. Maxime aliquam sunt repellendus. Accusantium nemo eum incidunt ut vel tenetur.', 1, 1, '1986-12-24 04:30:12');
INSERT INTO `messages` (`id`, `from_user_id`, `to_user_id`, `body`, `important`, `delivered`, `created_at`) VALUES (79, 82, 63, 'Explicabo rerum nobis alias dolores iure ut dignissimos. Vel repudiandae omnis molestiae illo odit aut.', 0, 1, '1973-03-03 23:36:23');
INSERT INTO `messages` (`id`, `from_user_id`, `to_user_id`, `body`, `important`, `delivered`, `created_at`) VALUES (80, 27, 4, 'At sed dicta asperiores dignissimos. Magnam suscipit tempora aspernatur enim optio. Ut qui necessitatibus aut quis et voluptas rerum dolore. Quo et laboriosam voluptatem iste odit molestiae rerum.', 1, 1, '2001-03-05 12:07:01');
INSERT INTO `messages` (`id`, `from_user_id`, `to_user_id`, `body`, `important`, `delivered`, `created_at`) VALUES (81, 71, 77, 'Quidem rerum dignissimos laudantium mollitia. Perferendis quis sapiente numquam vitae soluta qui earum. Error cupiditate ad ab eaque. Facere et quas adipisci iure distinctio reprehenderit qui.', 1, 1, '2011-12-21 12:20:14');
INSERT INTO `messages` (`id`, `from_user_id`, `to_user_id`, `body`, `important`, `delivered`, `created_at`) VALUES (82, 10, 17, 'Quia sunt eaque amet perspiciatis ut in impedit. Aut vel est ut et est consectetur soluta.', 1, 1, '1984-10-20 19:27:11');
INSERT INTO `messages` (`id`, `from_user_id`, `to_user_id`, `body`, `important`, `delivered`, `created_at`) VALUES (83, 39, 8, 'Ullam fuga qui repudiandae in. Reiciendis reprehenderit accusamus totam perspiciatis consequatur et deserunt.', 1, 0, '2013-08-19 23:37:56');
INSERT INTO `messages` (`id`, `from_user_id`, `to_user_id`, `body`, `important`, `delivered`, `created_at`) VALUES (84, 58, 79, 'Illo ea dolores voluptatem qui error sed maxime sunt. Impedit laudantium nobis corporis. Minima est nihil eius.', 0, 0, '2003-11-10 02:26:24');
INSERT INTO `messages` (`id`, `from_user_id`, `to_user_id`, `body`, `important`, `delivered`, `created_at`) VALUES (85, 43, 3, 'Id ducimus facilis placeat tempora est labore enim. Est provident cupiditate amet voluptas. Numquam natus aut id.', 1, 1, '1998-06-03 10:16:41');
INSERT INTO `messages` (`id`, `from_user_id`, `to_user_id`, `body`, `important`, `delivered`, `created_at`) VALUES (86, 52, 73, 'Error voluptatem omnis quisquam hic dolor. Doloribus pariatur qui autem dolore nam voluptas. Nemo repellendus eum consequuntur dignissimos eaque. Eveniet voluptatum labore sint aliquam numquam sapiente suscipit nemo.', 1, 1, '1998-11-06 00:18:41');
INSERT INTO `messages` (`id`, `from_user_id`, `to_user_id`, `body`, `important`, `delivered`, `created_at`) VALUES (87, 58, 11, 'Quia maiores ut molestias. Non velit est qui voluptates dolor placeat voluptatem. Quidem impedit qui ullam sint quo.', 1, 1, '1975-09-17 03:03:04');
INSERT INTO `messages` (`id`, `from_user_id`, `to_user_id`, `body`, `important`, `delivered`, `created_at`) VALUES (88, 72, 100, 'Dolore numquam ullam eveniet similique distinctio sequi dolor et. Modi dolorem quo earum eos quibusdam. Perferendis sequi quia odit suscipit autem. Consequatur sed odio earum magnam quia. Et omnis molestiae eveniet assumenda et iste sit.', 1, 1, '1973-07-05 06:25:13');
INSERT INTO `messages` (`id`, `from_user_id`, `to_user_id`, `body`, `important`, `delivered`, `created_at`) VALUES (89, 42, 10, 'Rerum omnis et maiores consequatur culpa. Minima sed vero ut ea. Adipisci alias consectetur ullam.', 1, 1, '2008-10-22 10:44:21');
INSERT INTO `messages` (`id`, `from_user_id`, `to_user_id`, `body`, `important`, `delivered`, `created_at`) VALUES (90, 3, 95, 'Illo et ut voluptate numquam quaerat in. Tenetur voluptatem eos dolores est repellendus. Illum illo accusamus mollitia eius optio.', 1, 0, '2004-04-04 01:38:03');
INSERT INTO `messages` (`id`, `from_user_id`, `to_user_id`, `body`, `important`, `delivered`, `created_at`) VALUES (91, 27, 80, 'Repellendus beatae voluptatem nesciunt non consequatur non. Blanditiis et aut aut omnis. Omnis aut dicta et aut voluptatibus accusantium.', 1, 1, '1979-07-27 03:19:26');
INSERT INTO `messages` (`id`, `from_user_id`, `to_user_id`, `body`, `important`, `delivered`, `created_at`) VALUES (92, 76, 60, 'Laudantium dolorem ducimus consequuntur tempora. Debitis praesentium voluptatum explicabo maiores consequuntur dolore. Quaerat cumque est rerum dolorem nisi et nihil. Doloremque recusandae voluptatibus ut enim pariatur magnam.', 1, 0, '1991-10-09 17:07:13');
INSERT INTO `messages` (`id`, `from_user_id`, `to_user_id`, `body`, `important`, `delivered`, `created_at`) VALUES (93, 41, 2, 'Omnis eligendi repudiandae et consequuntur distinctio vitae enim. Occaecati sint culpa a explicabo quidem et consectetur. Commodi ipsum iusto ut nisi rem veniam. Eligendi laborum ea nulla sed.', 0, 0, '1999-03-08 18:01:10');
INSERT INTO `messages` (`id`, `from_user_id`, `to_user_id`, `body`, `important`, `delivered`, `created_at`) VALUES (94, 59, 22, 'Omnis sint necessitatibus nostrum animi quo labore facere. Deleniti est voluptate asperiores omnis sit nihil harum. Ut repellat ipsam aliquam sit aut distinctio placeat. Dignissimos rem ut accusantium et.', 1, 0, '2006-08-11 19:18:52');
INSERT INTO `messages` (`id`, `from_user_id`, `to_user_id`, `body`, `important`, `delivered`, `created_at`) VALUES (95, 65, 85, 'Non veritatis est magni at maxime nam reprehenderit. Asperiores perspiciatis corrupti repudiandae sed. Autem nihil sit exercitationem autem earum aliquid. Eveniet nihil error est non est.', 1, 0, '1985-04-30 16:42:01');
INSERT INTO `messages` (`id`, `from_user_id`, `to_user_id`, `body`, `important`, `delivered`, `created_at`) VALUES (96, 26, 35, 'Odit libero nihil alias asperiores nisi sunt fugit dignissimos. Asperiores sed natus accusamus ex aliquam aut excepturi nesciunt. Accusamus omnis nostrum impedit et amet.', 0, 0, '1993-05-21 23:47:48');
INSERT INTO `messages` (`id`, `from_user_id`, `to_user_id`, `body`, `important`, `delivered`, `created_at`) VALUES (97, 62, 35, 'Minima soluta iure voluptates sed eius. Vitae quia cupiditate qui. Assumenda commodi eaque ex qui sapiente est voluptate. Soluta aliquam sit minima nulla eveniet.', 1, 0, '1994-08-28 14:45:48');
INSERT INTO `messages` (`id`, `from_user_id`, `to_user_id`, `body`, `important`, `delivered`, `created_at`) VALUES (98, 52, 1, 'Occaecati eum voluptatum repellendus. Eveniet consectetur cumque libero facere dolorem ratione adipisci. Iusto inventore non et. Qui animi maiores est qui quis eum fugit est.', 0, 0, '2014-04-02 21:34:12');
INSERT INTO `messages` (`id`, `from_user_id`, `to_user_id`, `body`, `important`, `delivered`, `created_at`) VALUES (99, 43, 9, 'Sequi ratione excepturi eum ut. Dolorem recusandae eum ipsum suscipit sint. A quis voluptas quo laudantium atque eveniet ut qui.', 0, 1, '1972-03-11 16:56:21');
INSERT INTO `messages` (`id`, `from_user_id`, `to_user_id`, `body`, `important`, `delivered`, `created_at`) VALUES (100, 79, 85, 'Perspiciatis ut quo quia tenetur cum iusto molestiae. Ea consequuntur sit suscipit adipisci magnam possimus. Rerum voluptates rem et quia ut.', 1, 0, '1984-12-04 09:58:58');
INSERT INTO `messages` (`id`, `from_user_id`, `to_user_id`, `body`, `important`, `delivered`, `created_at`) VALUES (101, 11, 31, 'Soluta autem sed similique. Dolorem facere autem perspiciatis accusantium fuga qui id. Quaerat dolorem ut ipsum sit. Aperiam debitis sit eum.', 0, 0, '1978-01-10 19:51:01');
INSERT INTO `messages` (`id`, `from_user_id`, `to_user_id`, `body`, `important`, `delivered`, `created_at`) VALUES (102, 58, 68, 'Debitis dolore asperiores molestiae repellendus ex explicabo eos. Doloribus accusantium natus magni doloremque voluptatem quo. Expedita nulla in aut incidunt cum perferendis dolores neque.', 1, 0, '1988-10-07 13:09:19');
INSERT INTO `messages` (`id`, `from_user_id`, `to_user_id`, `body`, `important`, `delivered`, `created_at`) VALUES (103, 42, 29, 'Vel voluptas repellat hic omnis iure rerum beatae. Unde accusamus aperiam recusandae ex dolor et quia repellat. Cumque et odit quia. Et similique ullam sint autem. Libero laborum consequatur in minus.', 0, 0, '1994-10-05 06:52:14');
INSERT INTO `messages` (`id`, `from_user_id`, `to_user_id`, `body`, `important`, `delivered`, `created_at`) VALUES (104, 68, 84, 'Modi doloribus facere incidunt esse aut. Quidem dolore doloribus est. Aperiam quo aliquid ipsum ut totam qui.', 1, 0, '2011-05-15 21:36:23');
INSERT INTO `messages` (`id`, `from_user_id`, `to_user_id`, `body`, `important`, `delivered`, `created_at`) VALUES (105, 38, 71, 'Ut neque cum voluptatem sit. Est ipsam porro nobis omnis necessitatibus numquam perspiciatis. Delectus aliquam est sint saepe ut non id temporibus.', 0, 1, '1989-07-30 19:08:38');
INSERT INTO `messages` (`id`, `from_user_id`, `to_user_id`, `body`, `important`, `delivered`, `created_at`) VALUES (106, 78, 64, 'Esse dolore voluptate velit earum voluptatibus fugiat. Id laboriosam voluptatem est error.', 0, 1, '1976-09-02 00:36:40');
INSERT INTO `messages` (`id`, `from_user_id`, `to_user_id`, `body`, `important`, `delivered`, `created_at`) VALUES (107, 50, 54, 'Voluptate sed eum saepe iusto non qui. Et itaque repellat culpa numquam ab omnis aut. Quia similique incidunt ab aut sint mollitia.', 1, 1, '1993-09-22 04:49:23');
INSERT INTO `messages` (`id`, `from_user_id`, `to_user_id`, `body`, `important`, `delivered`, `created_at`) VALUES (108, 24, 90, 'Perferendis rerum modi esse omnis libero ab vel a. Ratione quis et delectus. Velit qui facere cumque doloremque id laudantium. Ut ipsa et temporibus sapiente eligendi voluptatem non. Tempore doloribus et cum est laboriosam ut.', 1, 1, '2006-01-08 07:16:50');
INSERT INTO `messages` (`id`, `from_user_id`, `to_user_id`, `body`, `important`, `delivered`, `created_at`) VALUES (109, 56, 82, 'Dolorum soluta voluptas possimus aut. Quisquam quo sit eum placeat dolor voluptatem quod. Illo sed nostrum adipisci molestias enim rerum ea.', 0, 0, '1996-07-19 08:30:25');
INSERT INTO `messages` (`id`, `from_user_id`, `to_user_id`, `body`, `important`, `delivered`, `created_at`) VALUES (110, 12, 20, 'Inventore voluptatibus et qui deleniti velit ea. Quibusdam ducimus molestias in enim necessitatibus quo hic. Alias aut error explicabo. Non maxime aut illum.', 1, 1, '2015-10-05 00:15:43');
INSERT INTO `messages` (`id`, `from_user_id`, `to_user_id`, `body`, `important`, `delivered`, `created_at`) VALUES (111, 66, 37, 'Odio beatae id ducimus magni saepe. Occaecati tenetur animi nemo. Tempore minima sint nihil aut repudiandae.', 1, 0, '2008-05-10 12:13:37');
INSERT INTO `messages` (`id`, `from_user_id`, `to_user_id`, `body`, `important`, `delivered`, `created_at`) VALUES (112, 54, 28, 'Ut eum iusto sunt ut sapiente et labore. Accusamus asperiores est dolorum quas id officiis. Enim in et ut delectus voluptas.', 1, 0, '2007-09-07 01:00:04');
INSERT INTO `messages` (`id`, `from_user_id`, `to_user_id`, `body`, `important`, `delivered`, `created_at`) VALUES (113, 72, 6, 'Sequi animi fugiat omnis sed repudiandae magni iste aut. Minus quia sit voluptatem velit. Velit beatae quia occaecati maiores. Est quos culpa dolorem corrupti dolorem.', 1, 1, '2016-10-19 01:39:07');
INSERT INTO `messages` (`id`, `from_user_id`, `to_user_id`, `body`, `important`, `delivered`, `created_at`) VALUES (114, 28, 14, 'Itaque non aut id officiis voluptatem. Soluta accusantium delectus inventore maxime maiores quae earum.', 1, 0, '1997-03-06 14:21:58');
INSERT INTO `messages` (`id`, `from_user_id`, `to_user_id`, `body`, `important`, `delivered`, `created_at`) VALUES (115, 14, 6, 'Pariatur sit et culpa. Quia quasi voluptas sint neque. Possimus dolores architecto magni dolores sit perferendis. Soluta corporis quaerat quos accusamus.', 0, 1, '2017-12-02 03:12:52');
INSERT INTO `messages` (`id`, `from_user_id`, `to_user_id`, `body`, `important`, `delivered`, `created_at`) VALUES (116, 99, 25, 'Aut incidunt et ducimus tempore quod sed. Quos dolorum et at id provident deleniti esse. Commodi autem et officia molestiae sequi assumenda.', 0, 0, '1996-05-31 08:02:50');
INSERT INTO `messages` (`id`, `from_user_id`, `to_user_id`, `body`, `important`, `delivered`, `created_at`) VALUES (117, 37, 56, 'Placeat distinctio sequi accusamus aliquam expedita similique nemo sit. Enim maiores ullam eos modi aliquid voluptas quia. Dolorum sit doloremque maxime iste omnis magni est. Ipsa placeat et sunt esse suscipit sint.', 1, 1, '2001-07-22 15:28:18');
INSERT INTO `messages` (`id`, `from_user_id`, `to_user_id`, `body`, `important`, `delivered`, `created_at`) VALUES (118, 93, 78, 'Amet repudiandae illum commodi. Autem labore vel esse consequuntur id. Et et atque ex ut non eos maxime. Vero aut fugiat aliquid nisi.', 0, 0, '2010-04-26 03:00:26');
INSERT INTO `messages` (`id`, `from_user_id`, `to_user_id`, `body`, `important`, `delivered`, `created_at`) VALUES (119, 85, 61, 'Quam itaque fugit libero molestiae et. Eaque harum occaecati consequatur et omnis odit. Hic laboriosam dolorum illum deleniti. Et velit voluptas quis molestiae rerum.', 1, 0, '2017-10-10 14:18:46');
INSERT INTO `messages` (`id`, `from_user_id`, `to_user_id`, `body`, `important`, `delivered`, `created_at`) VALUES (120, 61, 22, 'Sed sit suscipit optio omnis totam. Nobis sunt commodi consequatur et distinctio. Natus rem est sed. Autem minima officiis sed rerum voluptatum.', 1, 0, '1975-10-13 13:36:04');
INSERT INTO `messages` (`id`, `from_user_id`, `to_user_id`, `body`, `important`, `delivered`, `created_at`) VALUES (121, 31, 39, 'Velit et qui sint voluptas ipsa quisquam aperiam. Dicta aut vel enim error. Quae nemo nisi nihil tempore commodi impedit iste enim.', 1, 1, '1989-09-26 07:19:47');
INSERT INTO `messages` (`id`, `from_user_id`, `to_user_id`, `body`, `important`, `delivered`, `created_at`) VALUES (122, 86, 80, 'Explicabo deserunt voluptatibus et quia. Voluptas et accusantium totam distinctio. Rerum excepturi aliquam quia odit pariatur aperiam consequatur voluptatem. Molestiae sint voluptatum voluptates.', 0, 1, '1980-10-31 08:05:58');
INSERT INTO `messages` (`id`, `from_user_id`, `to_user_id`, `body`, `important`, `delivered`, `created_at`) VALUES (123, 93, 10, 'Qui ut voluptates vero est maxime nulla odio. Quia quam quis ullam placeat voluptas. Animi est expedita occaecati velit magnam nostrum.', 1, 0, '1984-07-29 06:07:02');
INSERT INTO `messages` (`id`, `from_user_id`, `to_user_id`, `body`, `important`, `delivered`, `created_at`) VALUES (124, 70, 48, 'Eaque commodi unde voluptatem quam maxime corporis. Amet harum nulla unde optio. Asperiores aliquid aperiam deserunt rerum.', 0, 1, '1973-09-25 06:41:08');
INSERT INTO `messages` (`id`, `from_user_id`, `to_user_id`, `body`, `important`, `delivered`, `created_at`) VALUES (125, 91, 81, 'Velit delectus omnis quia veniam debitis quisquam omnis. Fuga error rerum iure voluptas. Fugiat ut sint voluptate. Corporis vel repellat sed repellat.', 1, 1, '1983-04-08 05:26:05');
INSERT INTO `messages` (`id`, `from_user_id`, `to_user_id`, `body`, `important`, `delivered`, `created_at`) VALUES (126, 67, 57, 'Ullam rem repellendus qui modi fugiat impedit. Qui ipsa ab error molestiae recusandae ab non. Quam deleniti consequatur porro sit nesciunt quo non. Nam voluptatibus alias suscipit dolor ipsum.', 0, 0, '2010-07-08 08:38:34');
INSERT INTO `messages` (`id`, `from_user_id`, `to_user_id`, `body`, `important`, `delivered`, `created_at`) VALUES (127, 18, 21, 'Nostrum et velit dignissimos sit sit vel. Consequatur voluptatem magni minima consequatur molestiae culpa aut. Consequatur provident ut consequatur quibusdam ab est. Voluptate sit consequatur quia omnis qui modi deleniti.', 0, 1, '1972-06-30 20:41:59');
INSERT INTO `messages` (`id`, `from_user_id`, `to_user_id`, `body`, `important`, `delivered`, `created_at`) VALUES (128, 84, 89, 'Consectetur vel iure nam culpa minima sed. Nemo repellendus necessitatibus repudiandae explicabo voluptas officiis. Cupiditate vero quam et illum odio temporibus tempora.', 0, 0, '2019-01-08 20:10:11');
INSERT INTO `messages` (`id`, `from_user_id`, `to_user_id`, `body`, `important`, `delivered`, `created_at`) VALUES (129, 26, 11, 'Iure dolorem dolor accusamus fuga. Similique ut quia architecto est. Illum quasi occaecati ut est consequatur assumenda voluptatem consequatur. Mollitia nihil modi autem harum quo sed ab. Ullam praesentium unde qui voluptatem nam.', 0, 0, '2003-05-18 14:18:48');
INSERT INTO `messages` (`id`, `from_user_id`, `to_user_id`, `body`, `important`, `delivered`, `created_at`) VALUES (130, 3, 40, 'Et ratione at quasi ex aut dolorem. Minima provident nemo et. Beatae corporis doloribus quod ad. Qui est veritatis nihil non odio maxime.', 0, 1, '2017-08-06 23:13:57');
INSERT INTO `messages` (`id`, `from_user_id`, `to_user_id`, `body`, `important`, `delivered`, `created_at`) VALUES (131, 17, 1, 'Unde nulla eum quia consectetur qui voluptas. Sed aut est rerum aperiam.', 1, 1, '1976-01-06 06:29:43');
INSERT INTO `messages` (`id`, `from_user_id`, `to_user_id`, `body`, `important`, `delivered`, `created_at`) VALUES (132, 64, 53, 'Deleniti ipsum hic reprehenderit similique perspiciatis ut laboriosam. Iusto et dolores dignissimos eum et. Earum est iste architecto aut exercitationem. Ad minus ipsa laudantium eos.', 1, 1, '1996-12-12 05:10:43');
INSERT INTO `messages` (`id`, `from_user_id`, `to_user_id`, `body`, `important`, `delivered`, `created_at`) VALUES (133, 56, 57, 'Aperiam tenetur tenetur rerum numquam. Dolor fugiat aut libero iste amet. Optio officiis aliquam accusamus qui iure porro vitae. Accusantium odio vitae voluptatem eveniet dolore sint repellat.', 0, 0, '2010-06-25 08:26:42');
INSERT INTO `messages` (`id`, `from_user_id`, `to_user_id`, `body`, `important`, `delivered`, `created_at`) VALUES (134, 31, 40, 'Enim aspernatur quo voluptas adipisci velit. Et explicabo ducimus nulla maiores. Qui optio nobis ipsum atque.', 0, 0, '1978-12-27 06:22:21');
INSERT INTO `messages` (`id`, `from_user_id`, `to_user_id`, `body`, `important`, `delivered`, `created_at`) VALUES (135, 17, 91, 'Sint labore adipisci aut doloribus. Molestiae nam atque animi ipsa ex harum.', 1, 1, '2002-08-26 00:55:46');
INSERT INTO `messages` (`id`, `from_user_id`, `to_user_id`, `body`, `important`, `delivered`, `created_at`) VALUES (136, 62, 48, 'Similique eaque recusandae necessitatibus hic at. Sunt quod recusandae dolorem vel. Nesciunt tempore deserunt autem error eos id. Mollitia necessitatibus voluptas qui tempora excepturi deleniti.', 0, 0, '1982-10-02 17:46:50');
INSERT INTO `messages` (`id`, `from_user_id`, `to_user_id`, `body`, `important`, `delivered`, `created_at`) VALUES (137, 30, 48, 'Autem ullam voluptatem velit blanditiis voluptas ea quia. Rerum sunt voluptatibus consequatur. Vel ad dolor quia odio et atque.', 1, 0, '1997-06-23 08:53:03');
INSERT INTO `messages` (`id`, `from_user_id`, `to_user_id`, `body`, `important`, `delivered`, `created_at`) VALUES (138, 28, 22, 'Vel ex impedit itaque dolore vel. Dolorem et voluptates facilis aut cupiditate molestiae ea. Maxime omnis accusamus suscipit mollitia sed accusamus consequatur.', 1, 1, '2004-08-29 14:30:01');
INSERT INTO `messages` (`id`, `from_user_id`, `to_user_id`, `body`, `important`, `delivered`, `created_at`) VALUES (139, 57, 97, 'Nesciunt vitae et repellendus. Eius voluptate laboriosam vitae quia. Laudantium maxime repellat dolorem non earum doloremque.', 0, 0, '2002-01-03 00:42:03');
INSERT INTO `messages` (`id`, `from_user_id`, `to_user_id`, `body`, `important`, `delivered`, `created_at`) VALUES (140, 69, 47, 'Ut non dolorem et in qui et. Inventore sint id odio sapiente magni repudiandae id. Expedita suscipit et cumque accusantium. Dolorem provident sunt ut velit esse et iure aut.', 1, 1, '2008-05-20 09:30:42');
INSERT INTO `messages` (`id`, `from_user_id`, `to_user_id`, `body`, `important`, `delivered`, `created_at`) VALUES (141, 78, 35, 'Commodi accusamus porro soluta suscipit. Harum enim labore voluptatum aspernatur et. Velit et qui nemo id nostrum.', 0, 1, '1987-03-02 22:20:41');
INSERT INTO `messages` (`id`, `from_user_id`, `to_user_id`, `body`, `important`, `delivered`, `created_at`) VALUES (142, 4, 96, 'Eos atque voluptatem laudantium eum rerum consectetur. Sequi excepturi nesciunt doloremque nobis. Quidem reiciendis in corrupti tenetur ut omnis quia.', 0, 1, '1975-08-22 04:35:13');
INSERT INTO `messages` (`id`, `from_user_id`, `to_user_id`, `body`, `important`, `delivered`, `created_at`) VALUES (143, 55, 87, 'Nobis architecto et harum sunt rerum quibusdam. Ex rerum et veniam qui rerum laborum et. Est a adipisci quo qui. Consequatur est at nulla vero quia. Officiis commodi voluptatem odio omnis necessitatibus nisi dolores.', 1, 1, '1991-12-25 12:37:25');
INSERT INTO `messages` (`id`, `from_user_id`, `to_user_id`, `body`, `important`, `delivered`, `created_at`) VALUES (144, 85, 80, 'Cumque aut autem possimus et quia animi. Officia excepturi aut autem consequatur nam nostrum unde tempora. Aut quos molestiae eveniet veritatis deserunt officiis ratione.', 1, 0, '1987-06-06 05:16:44');
INSERT INTO `messages` (`id`, `from_user_id`, `to_user_id`, `body`, `important`, `delivered`, `created_at`) VALUES (145, 97, 87, 'Sint et vel aspernatur quia. Accusantium illum dolore sint fuga repellat sunt nihil. Qui aut rerum non deleniti velit voluptas architecto.', 1, 1, '1993-05-26 10:38:45');
INSERT INTO `messages` (`id`, `from_user_id`, `to_user_id`, `body`, `important`, `delivered`, `created_at`) VALUES (146, 19, 14, 'Adipisci assumenda ex aut odio consequatur et cumque. Deleniti eum non omnis voluptatum animi. Quod labore et ipsum ea facilis fugiat debitis. Perferendis voluptatem quis aut ipsam et.', 1, 0, '1975-05-29 08:38:45');
INSERT INTO `messages` (`id`, `from_user_id`, `to_user_id`, `body`, `important`, `delivered`, `created_at`) VALUES (147, 87, 83, 'Aliquam omnis voluptatem dolores. Aut officia excepturi nemo minima. Sapiente iusto ut eligendi ab id non maxime.', 1, 1, '1984-06-02 20:40:49');
INSERT INTO `messages` (`id`, `from_user_id`, `to_user_id`, `body`, `important`, `delivered`, `created_at`) VALUES (148, 67, 42, 'Pariatur exercitationem hic adipisci natus. Assumenda accusamus omnis illo sint facilis minus. Dolores quod maxime pariatur recusandae.', 0, 1, '1998-10-13 00:50:01');
INSERT INTO `messages` (`id`, `from_user_id`, `to_user_id`, `body`, `important`, `delivered`, `created_at`) VALUES (149, 40, 97, 'Aliquid non est qui. Rerum aperiam mollitia laudantium voluptatibus quae qui cupiditate. Est temporibus et labore non praesentium. Neque quaerat magnam possimus aliquam non.', 0, 0, '1988-10-01 06:48:42');
INSERT INTO `messages` (`id`, `from_user_id`, `to_user_id`, `body`, `important`, `delivered`, `created_at`) VALUES (150, 82, 57, 'Numquam voluptatem velit expedita minus. Minus laborum facilis id maiores fugiat. Sed minima omnis ea saepe voluptatem. Quaerat debitis aut natus laboriosam explicabo esse laborum quia.', 1, 1, '1984-09-12 09:08:01');
INSERT INTO `messages` (`id`, `from_user_id`, `to_user_id`, `body`, `important`, `delivered`, `created_at`) VALUES (151, 88, 44, 'Odio quas est velit quidem laudantium saepe et amet. Quo aut enim vitae rerum. Facilis harum molestiae voluptatem rerum qui et. Officiis eaque ut nihil blanditiis mollitia.', 0, 0, '2001-02-20 17:44:38');
INSERT INTO `messages` (`id`, `from_user_id`, `to_user_id`, `body`, `important`, `delivered`, `created_at`) VALUES (152, 4, 17, 'Sunt et ut a quibusdam voluptas ut. Reprehenderit est et harum ut numquam ullam. Ex praesentium et cumque reprehenderit nostrum qui dolores rerum. Dolorem quo delectus et sed et necessitatibus iste.', 0, 0, '1988-04-25 23:09:51');
INSERT INTO `messages` (`id`, `from_user_id`, `to_user_id`, `body`, `important`, `delivered`, `created_at`) VALUES (153, 91, 32, 'Sunt fuga cumque quo optio suscipit voluptas ipsum vel. Suscipit quasi dolores blanditiis est. Dolor quis dolores quia fugiat voluptatem.', 1, 1, '2018-12-12 14:57:28');
INSERT INTO `messages` (`id`, `from_user_id`, `to_user_id`, `body`, `important`, `delivered`, `created_at`) VALUES (154, 38, 48, 'Et explicabo sint quod enim magni. Nobis eos commodi maiores. Accusamus quidem quis quia necessitatibus quibusdam maxime quibusdam. Nam minima velit quasi fugiat praesentium.', 1, 1, '1988-05-06 21:03:19');
INSERT INTO `messages` (`id`, `from_user_id`, `to_user_id`, `body`, `important`, `delivered`, `created_at`) VALUES (155, 29, 6, 'Non et minus placeat expedita ipsa. Ipsum ullam et delectus consequatur non aut ipsa. Autem nihil velit possimus deserunt et voluptas quasi.', 0, 0, '1997-02-15 15:03:56');
INSERT INTO `messages` (`id`, `from_user_id`, `to_user_id`, `body`, `important`, `delivered`, `created_at`) VALUES (156, 95, 6, 'Similique perspiciatis error reiciendis perspiciatis. Reiciendis amet illum voluptas ipsa ad. Aut doloribus cum dignissimos suscipit. Fuga accusantium dolorem aut modi magnam sit.', 1, 0, '2018-08-10 21:39:22');
INSERT INTO `messages` (`id`, `from_user_id`, `to_user_id`, `body`, `important`, `delivered`, `created_at`) VALUES (157, 41, 98, 'Veritatis labore ad ut aut voluptas quos amet deleniti. Labore odio laboriosam quia explicabo minus reiciendis neque. Voluptatem repellendus saepe accusantium est officia et dolor.', 1, 1, '2001-12-28 05:28:34');
INSERT INTO `messages` (`id`, `from_user_id`, `to_user_id`, `body`, `important`, `delivered`, `created_at`) VALUES (158, 2, 96, 'Quia sed ducimus soluta eos odio voluptatem. Blanditiis nesciunt laboriosam maxime assumenda ea recusandae. Debitis sit voluptatem aspernatur consequatur nisi.', 1, 1, '1985-02-13 17:22:36');
INSERT INTO `messages` (`id`, `from_user_id`, `to_user_id`, `body`, `important`, `delivered`, `created_at`) VALUES (159, 84, 86, 'Deserunt cum molestiae ea. Nesciunt quia ut et. Voluptas omnis perspiciatis incidunt rerum voluptatem corporis repellat nesciunt. Magni vero atque et autem.', 1, 0, '1977-03-01 19:19:43');
INSERT INTO `messages` (`id`, `from_user_id`, `to_user_id`, `body`, `important`, `delivered`, `created_at`) VALUES (160, 76, 81, 'Facere modi expedita perspiciatis nihil esse qui aut. Doloremque dolores dicta ut. Voluptatibus aliquid sint placeat beatae asperiores voluptatem. Qui et sapiente fugit soluta debitis dolores ipsa.', 0, 1, '1998-01-16 09:01:11');
INSERT INTO `messages` (`id`, `from_user_id`, `to_user_id`, `body`, `important`, `delivered`, `created_at`) VALUES (161, 72, 95, 'Ut illo ut sit facere ipsam molestiae. Aut sequi ad ut sed. Aliquam earum cumque voluptatem est. Vero ipsum dicta soluta consectetur sunt perferendis fuga.', 1, 0, '1975-04-08 10:56:15');
INSERT INTO `messages` (`id`, `from_user_id`, `to_user_id`, `body`, `important`, `delivered`, `created_at`) VALUES (162, 94, 59, 'Quasi hic aut exercitationem temporibus quia dolorem. Tempore quo illum ipsa similique enim. Facilis ad est dolorum non dolor. Sint rerum ducimus voluptas.', 0, 0, '1973-09-23 01:25:44');
INSERT INTO `messages` (`id`, `from_user_id`, `to_user_id`, `body`, `important`, `delivered`, `created_at`) VALUES (163, 78, 61, 'Eos minima repudiandae inventore quo rerum non tempore. Eius omnis earum expedita qui cumque id cupiditate officiis. Quos fugiat adipisci veritatis in. Ducimus repellendus qui molestiae.', 1, 0, '1992-01-20 13:26:24');
INSERT INTO `messages` (`id`, `from_user_id`, `to_user_id`, `body`, `important`, `delivered`, `created_at`) VALUES (164, 100, 17, 'Architecto possimus officiis et non odit. Tempore expedita tempore quia minima culpa dolores enim. Dolor laudantium harum officia dolorem consequatur id quae ipsum. Optio occaecati eum et similique voluptas atque.', 0, 0, '1989-07-31 15:08:11');
INSERT INTO `messages` (`id`, `from_user_id`, `to_user_id`, `body`, `important`, `delivered`, `created_at`) VALUES (165, 57, 82, 'Non similique amet laudantium magni. Optio dolores veritatis aliquid consequuntur quis maxime beatae possimus. Et vitae qui quisquam molestiae ut vero.', 1, 1, '1986-04-17 08:01:28');
INSERT INTO `messages` (`id`, `from_user_id`, `to_user_id`, `body`, `important`, `delivered`, `created_at`) VALUES (166, 74, 44, 'Sit et minima assumenda quod ut laborum. Quis consectetur vel tempora sit et aut fugiat qui. Quia eos ut nulla est ut excepturi voluptates. Ea molestiae ut et blanditiis similique.', 1, 1, '1992-08-03 06:12:24');
INSERT INTO `messages` (`id`, `from_user_id`, `to_user_id`, `body`, `important`, `delivered`, `created_at`) VALUES (167, 25, 78, 'Illo ut ut animi blanditiis aut at sequi minima. Sapiente aut temporibus laboriosam consectetur hic officia officiis. Expedita molestiae culpa dolores ipsa pariatur odit enim. Cum dolor unde inventore qui sed ut enim.', 1, 0, '1986-06-24 14:47:49');
INSERT INTO `messages` (`id`, `from_user_id`, `to_user_id`, `body`, `important`, `delivered`, `created_at`) VALUES (168, 60, 16, 'Est numquam voluptatibus molestiae illo. Ab ea voluptatem commodi nobis voluptate dolor facere. Sint qui quod odio vero.', 0, 1, '1989-08-27 05:24:01');
INSERT INTO `messages` (`id`, `from_user_id`, `to_user_id`, `body`, `important`, `delivered`, `created_at`) VALUES (169, 9, 98, 'Cumque veniam ut repellat repudiandae dolore. Fuga aut quisquam officiis aliquid cupiditate mollitia. Quaerat nostrum est quia quod mollitia laudantium perspiciatis quibusdam.', 1, 0, '1977-09-14 17:36:41');
INSERT INTO `messages` (`id`, `from_user_id`, `to_user_id`, `body`, `important`, `delivered`, `created_at`) VALUES (170, 63, 37, 'Ut corrupti aut quae tempora ut sed neque. Quas dolores eius sunt veniam laborum reiciendis. Culpa voluptatem quisquam et earum reiciendis ut. Neque deserunt reprehenderit occaecati sunt soluta iure.', 0, 1, '1971-08-28 17:51:35');
INSERT INTO `messages` (`id`, `from_user_id`, `to_user_id`, `body`, `important`, `delivered`, `created_at`) VALUES (171, 4, 58, 'Nesciunt quam et neque aut debitis nulla. Sunt quo atque qui nihil placeat asperiores necessitatibus a. Inventore assumenda veritatis tempora facere ut cum ipsam. Tenetur totam dolor voluptatem dolorem natus.', 0, 0, '2019-09-17 08:46:02');
INSERT INTO `messages` (`id`, `from_user_id`, `to_user_id`, `body`, `important`, `delivered`, `created_at`) VALUES (172, 43, 44, 'Itaque soluta quas eos odit dolor. Culpa laboriosam repellendus dolor eius animi. Minus reprehenderit excepturi non sed similique optio sed ad. Fugiat ex ut libero odit voluptas. Dolores maiores ducimus recusandae totam.', 1, 0, '2012-11-27 03:18:03');
INSERT INTO `messages` (`id`, `from_user_id`, `to_user_id`, `body`, `important`, `delivered`, `created_at`) VALUES (173, 55, 44, 'Libero sit aut aut dolores ut non nostrum odit. Sit est repudiandae iusto quas perspiciatis dolorum. Voluptate aperiam dolor nostrum.', 1, 0, '1990-07-27 04:38:48');
INSERT INTO `messages` (`id`, `from_user_id`, `to_user_id`, `body`, `important`, `delivered`, `created_at`) VALUES (174, 40, 39, 'Recusandae saepe ad repudiandae aliquam at quia neque. Harum nesciunt numquam omnis quas. Et possimus adipisci ipsa voluptatem eum quia. Impedit rerum nostrum qui accusantium excepturi dolor repellendus.', 1, 0, '2017-05-16 22:27:08');
INSERT INTO `messages` (`id`, `from_user_id`, `to_user_id`, `body`, `important`, `delivered`, `created_at`) VALUES (175, 30, 15, 'Voluptatibus omnis perferendis ab et error corporis et quisquam. Molestiae excepturi sed quasi et non. Omnis ut et possimus. Rerum consequuntur sapiente dolorem aliquam vero similique.', 1, 0, '1976-09-16 18:10:32');
INSERT INTO `messages` (`id`, `from_user_id`, `to_user_id`, `body`, `important`, `delivered`, `created_at`) VALUES (176, 19, 1, 'Dolorum enim sed quia tenetur laudantium voluptas quod. Atque necessitatibus non quae fugiat ratione. Amet non dolore dicta. Ratione earum optio voluptas soluta.', 0, 1, '1972-04-15 04:00:15');
INSERT INTO `messages` (`id`, `from_user_id`, `to_user_id`, `body`, `important`, `delivered`, `created_at`) VALUES (177, 9, 13, 'Dignissimos maxime nihil incidunt aspernatur voluptas doloremque perferendis. Sequi sint quo ut quae. Laborum ad eveniet illum id distinctio.', 1, 0, '2009-11-27 22:46:14');
INSERT INTO `messages` (`id`, `from_user_id`, `to_user_id`, `body`, `important`, `delivered`, `created_at`) VALUES (178, 60, 86, 'Necessitatibus labore blanditiis eaque qui sed. Ad ut quas modi iure nihil nobis aut. Deleniti molestiae sunt et ut sint et aut consectetur.', 0, 0, '1972-08-29 06:53:49');
INSERT INTO `messages` (`id`, `from_user_id`, `to_user_id`, `body`, `important`, `delivered`, `created_at`) VALUES (179, 74, 60, 'Officia dolorem vel maiores molestiae dolor in. Voluptatem est illo quisquam quisquam quasi ut. Saepe in quam ex ipsa consectetur repudiandae enim.', 1, 1, '1980-06-16 17:02:53');
INSERT INTO `messages` (`id`, `from_user_id`, `to_user_id`, `body`, `important`, `delivered`, `created_at`) VALUES (180, 3, 30, 'Debitis ad voluptas facilis dolor pariatur qui. Consectetur ut et tempore cum iste facilis libero. Quo sed repudiandae quia repellendus omnis. Earum recusandae laborum officiis pariatur.', 1, 1, '2002-08-05 01:59:11');
INSERT INTO `messages` (`id`, `from_user_id`, `to_user_id`, `body`, `important`, `delivered`, `created_at`) VALUES (181, 41, 76, 'Quod ea cupiditate qui aut occaecati. Nihil consequatur soluta est sint nihil doloribus. Porro distinctio sint debitis quia soluta. Facere commodi nostrum omnis voluptatem et nostrum placeat. Enim rerum ratione rerum quis.', 1, 0, '1971-10-04 17:11:23');
INSERT INTO `messages` (`id`, `from_user_id`, `to_user_id`, `body`, `important`, `delivered`, `created_at`) VALUES (182, 73, 66, 'Sequi repudiandae neque temporibus est expedita. Aut voluptas aspernatur voluptatibus praesentium qui quibusdam nulla aut. Maxime nihil consequuntur velit ipsam repellendus.', 0, 1, '1996-01-28 04:45:26');
INSERT INTO `messages` (`id`, `from_user_id`, `to_user_id`, `body`, `important`, `delivered`, `created_at`) VALUES (183, 53, 33, 'Expedita et in vitae mollitia. Enim optio in aut ratione. Nihil nihil delectus nulla earum quam.', 1, 1, '1993-05-27 12:12:29');
INSERT INTO `messages` (`id`, `from_user_id`, `to_user_id`, `body`, `important`, `delivered`, `created_at`) VALUES (184, 82, 61, 'Sit consequatur voluptate voluptatem vel. Saepe eos rerum deleniti iusto necessitatibus. Est quia a saepe consequatur et. Eos quae nulla voluptatum.', 1, 1, '1999-01-06 13:20:00');
INSERT INTO `messages` (`id`, `from_user_id`, `to_user_id`, `body`, `important`, `delivered`, `created_at`) VALUES (185, 30, 45, 'Eveniet possimus qui doloribus. Sunt voluptatem qui possimus doloremque velit blanditiis. Modi voluptatibus ea fugiat minus id molestiae. Eligendi quod aut repudiandae quia totam nostrum ut.', 1, 0, '1994-01-01 05:05:55');
INSERT INTO `messages` (`id`, `from_user_id`, `to_user_id`, `body`, `important`, `delivered`, `created_at`) VALUES (186, 98, 33, 'Amet reiciendis fugit nam deserunt velit dolorem. Magnam temporibus ducimus nemo repudiandae.', 0, 1, '2016-02-20 11:00:55');
INSERT INTO `messages` (`id`, `from_user_id`, `to_user_id`, `body`, `important`, `delivered`, `created_at`) VALUES (187, 2, 40, 'Eligendi et totam dolorem non rem facilis. Non ea est et sint. In non in dolor consequuntur et vitae. Porro possimus ut rerum reiciendis rerum.', 0, 0, '2014-06-07 04:40:56');
INSERT INTO `messages` (`id`, `from_user_id`, `to_user_id`, `body`, `important`, `delivered`, `created_at`) VALUES (188, 77, 56, 'Doloremque illum esse rem sapiente dolor quae aut. Voluptates sed nihil velit ut qui. Beatae voluptatem numquam aut minima voluptatem quo fuga. Ut porro quis voluptatibus qui.', 0, 0, '2008-01-27 12:05:09');
INSERT INTO `messages` (`id`, `from_user_id`, `to_user_id`, `body`, `important`, `delivered`, `created_at`) VALUES (189, 83, 16, 'Tenetur ut adipisci saepe quisquam. Beatae facilis voluptatem nam enim. Nam et voluptas ipsum. Omnis aperiam fugiat vel velit accusamus cupiditate eos.', 1, 0, '1998-08-01 16:02:14');
INSERT INTO `messages` (`id`, `from_user_id`, `to_user_id`, `body`, `important`, `delivered`, `created_at`) VALUES (190, 95, 13, 'Minima necessitatibus voluptas perspiciatis inventore. Laudantium nemo non est magni libero nostrum est. Saepe accusamus explicabo dolor sit. Sit deserunt dolor repudiandae a quis consequatur cum. Aut sit ut provident.', 1, 1, '1998-11-28 21:48:12');
INSERT INTO `messages` (`id`, `from_user_id`, `to_user_id`, `body`, `important`, `delivered`, `created_at`) VALUES (191, 30, 14, 'Animi ut corrupti dolorum. Perspiciatis eum cum corporis reiciendis corporis consequuntur maxime. Aperiam voluptatem natus aliquid est eum sint quasi.', 1, 0, '1972-10-14 11:54:08');
INSERT INTO `messages` (`id`, `from_user_id`, `to_user_id`, `body`, `important`, `delivered`, `created_at`) VALUES (192, 14, 39, 'Voluptatem placeat natus sed iusto quidem quam non. Voluptas accusamus minus nihil esse unde voluptas. Velit rerum debitis ad aut ut.', 1, 1, '2000-09-22 16:29:25');
INSERT INTO `messages` (`id`, `from_user_id`, `to_user_id`, `body`, `important`, `delivered`, `created_at`) VALUES (193, 27, 73, 'Enim et ut odit qui quam. Sint omnis alias in quaerat. Esse provident ea molestiae dolor ea dolores. Optio ut unde ea pariatur nostrum ullam tempora.', 0, 1, '1994-05-17 04:53:33');
INSERT INTO `messages` (`id`, `from_user_id`, `to_user_id`, `body`, `important`, `delivered`, `created_at`) VALUES (194, 24, 100, 'Et ipsa autem placeat placeat animi eum. Adipisci odio voluptatem nihil id veniam illo vitae et. Laboriosam sit qui illo reiciendis minima culpa. Est qui quia molestiae laboriosam.', 0, 1, '1993-07-27 06:02:23');
INSERT INTO `messages` (`id`, `from_user_id`, `to_user_id`, `body`, `important`, `delivered`, `created_at`) VALUES (195, 32, 27, 'Voluptates modi exercitationem consequatur numquam et esse. Earum voluptatem magni eveniet quibusdam reiciendis. Quidem autem rerum modi aut qui. Et sapiente voluptatem minus consequatur beatae.', 1, 0, '1988-05-25 01:12:55');
INSERT INTO `messages` (`id`, `from_user_id`, `to_user_id`, `body`, `important`, `delivered`, `created_at`) VALUES (196, 29, 72, 'Et esse est amet ut illo nostrum consequatur debitis. Sed quam laboriosam animi. Ut accusantium perspiciatis asperiores eius repellat voluptatem quisquam ut.', 1, 0, '2015-11-18 18:00:27');
INSERT INTO `messages` (`id`, `from_user_id`, `to_user_id`, `body`, `important`, `delivered`, `created_at`) VALUES (197, 2, 2, 'Sed dolor officia quo quia. Ratione non et molestiae. Eum quia perspiciatis dolores voluptatum sed.', 0, 1, '1974-07-26 22:47:13');
INSERT INTO `messages` (`id`, `from_user_id`, `to_user_id`, `body`, `important`, `delivered`, `created_at`) VALUES (198, 38, 55, 'Qui cupiditate ipsa ut porro consequatur et aliquam voluptatibus. Minus voluptatem quia sint incidunt officia. Cumque iste sit quod cupiditate dicta qui aut quae.', 0, 0, '2014-05-06 09:41:35');
INSERT INTO `messages` (`id`, `from_user_id`, `to_user_id`, `body`, `important`, `delivered`, `created_at`) VALUES (199, 35, 19, 'Non nemo facilis magni odio. Ea dolorem est nobis quidem quidem qui. Ut laboriosam et molestiae deserunt in vel minima.', 1, 1, '2002-06-17 10:22:21');
INSERT INTO `messages` (`id`, `from_user_id`, `to_user_id`, `body`, `important`, `delivered`, `created_at`) VALUES (200, 16, 64, 'Iste voluptatibus dolores hic. Est rerum quia quia nulla in saepe doloribus quo. Reiciendis dolor inventore ea nihil consectetur quo sapiente temporibus. Consequatur voluptatem sed quos iure.', 0, 0, '1989-05-24 18:05:33');


#
# TABLE STRUCTURE FOR: profiles
#

DROP TABLE IF EXISTS `profiles`;

CREATE TABLE `profiles` (
  `user_id` int(10) unsigned NOT NULL,
  `sex` char(1) COLLATE utf8_unicode_ci NOT NULL,
  `birthday` date DEFAULT NULL,
  `hometown` varchar(100) COLLATE utf8_unicode_ci DEFAULT NULL,
  `media_id` int(10) unsigned NOT NULL,
  PRIMARY KEY (`user_id`)
) ENGINE=InnoDB DEFAULT CHARSET=utf8 COLLATE=utf8_unicode_ci;

INSERT INTO `profiles` (`user_id`, `sex`, `birthday`, `hometown`, `media_id`) VALUES (1, 'M', '1972-08-30', 'Brayanbury', 1);
INSERT INTO `profiles` (`user_id`, `sex`, `birthday`, `hometown`, `media_id`) VALUES (2, 'F', '2008-03-10', 'Estefaniashire', 2);
INSERT INTO `profiles` (`user_id`, `sex`, `birthday`, `hometown`, `media_id`) VALUES (3, 'F', '1979-04-20', 'Minaside', 3);
INSERT INTO `profiles` (`user_id`, `sex`, `birthday`, `hometown`, `media_id`) VALUES (4, 'M', '2010-11-30', 'North Pinkie', 4);
INSERT INTO `profiles` (`user_id`, `sex`, `birthday`, `hometown`, `media_id`) VALUES (5, 'F', '2005-08-22', 'Lake Vernice', 5);
INSERT INTO `profiles` (`user_id`, `sex`, `birthday`, `hometown`, `media_id`) VALUES (6, 'M', '1973-07-09', 'Arielleview', 6);
INSERT INTO `profiles` (`user_id`, `sex`, `birthday`, `hometown`, `media_id`) VALUES (7, 'M', '1985-08-19', 'Lorainechester', 7);
INSERT INTO `profiles` (`user_id`, `sex`, `birthday`, `hometown`, `media_id`) VALUES (8, 'F', '1982-03-22', 'Lizzieburgh', 8);
INSERT INTO `profiles` (`user_id`, `sex`, `birthday`, `hometown`, `media_id`) VALUES (9, 'F', '2012-12-15', 'Kihnborough', 9);
INSERT INTO `profiles` (`user_id`, `sex`, `birthday`, `hometown`, `media_id`) VALUES (10, 'M', '2002-03-27', 'New Nella', 10);
INSERT INTO `profiles` (`user_id`, `sex`, `birthday`, `hometown`, `media_id`) VALUES (11, 'F', '2015-05-24', 'North Dawson', 11);
INSERT INTO `profiles` (`user_id`, `sex`, `birthday`, `hometown`, `media_id`) VALUES (12, 'F', '1989-12-11', 'Goyettechester', 12);
INSERT INTO `profiles` (`user_id`, `sex`, `birthday`, `hometown`, `media_id`) VALUES (13, 'F', '2006-07-17', 'New Pamelaton', 13);
INSERT INTO `profiles` (`user_id`, `sex`, `birthday`, `hometown`, `media_id`) VALUES (14, 'F', '1994-06-19', 'Malloryton', 14);
INSERT INTO `profiles` (`user_id`, `sex`, `birthday`, `hometown`, `media_id`) VALUES (15, 'F', '1971-07-21', 'Kaelamouth', 15);
INSERT INTO `profiles` (`user_id`, `sex`, `birthday`, `hometown`, `media_id`) VALUES (16, 'F', '2012-01-08', 'Anthonyton', 16);
INSERT INTO `profiles` (`user_id`, `sex`, `birthday`, `hometown`, `media_id`) VALUES (17, 'M', '1992-08-07', 'Ladariusville', 17);
INSERT INTO `profiles` (`user_id`, `sex`, `birthday`, `hometown`, `media_id`) VALUES (18, 'M', '1976-05-17', 'Kuphalfort', 18);
INSERT INTO `profiles` (`user_id`, `sex`, `birthday`, `hometown`, `media_id`) VALUES (19, 'M', '1986-09-20', 'East Jalonview', 19);
INSERT INTO `profiles` (`user_id`, `sex`, `birthday`, `hometown`, `media_id`) VALUES (20, 'F', '1970-11-16', 'Port Santino', 20);
INSERT INTO `profiles` (`user_id`, `sex`, `birthday`, `hometown`, `media_id`) VALUES (21, 'F', '1987-07-28', 'Shanelborough', 21);
INSERT INTO `profiles` (`user_id`, `sex`, `birthday`, `hometown`, `media_id`) VALUES (22, 'M', '2017-09-25', 'New Marcosville', 22);
INSERT INTO `profiles` (`user_id`, `sex`, `birthday`, `hometown`, `media_id`) VALUES (23, 'F', '2014-06-09', 'Herzogshire', 23);
INSERT INTO `profiles` (`user_id`, `sex`, `birthday`, `hometown`, `media_id`) VALUES (24, 'F', '1990-01-30', 'Lake Josefa', 24);
INSERT INTO `profiles` (`user_id`, `sex`, `birthday`, `hometown`, `media_id`) VALUES (25, 'F', '2002-03-08', 'Greenburgh', 25);
INSERT INTO `profiles` (`user_id`, `sex`, `birthday`, `hometown`, `media_id`) VALUES (26, 'F', '1999-01-22', 'Port Billyville', 26);
INSERT INTO `profiles` (`user_id`, `sex`, `birthday`, `hometown`, `media_id`) VALUES (27, 'F', '1975-07-03', 'Gradyshire', 27);
INSERT INTO `profiles` (`user_id`, `sex`, `birthday`, `hometown`, `media_id`) VALUES (28, 'F', '1988-04-23', 'East Mable', 28);
INSERT INTO `profiles` (`user_id`, `sex`, `birthday`, `hometown`, `media_id`) VALUES (29, 'M', '1986-02-24', 'Port Bonnie', 29);
INSERT INTO `profiles` (`user_id`, `sex`, `birthday`, `hometown`, `media_id`) VALUES (30, 'F', '1972-10-09', 'South Angel', 30);
INSERT INTO `profiles` (`user_id`, `sex`, `birthday`, `hometown`, `media_id`) VALUES (31, 'M', '1976-06-09', 'East Rodolfoville', 31);
INSERT INTO `profiles` (`user_id`, `sex`, `birthday`, `hometown`, `media_id`) VALUES (32, 'M', '1996-10-20', 'Hillaryside', 32);
INSERT INTO `profiles` (`user_id`, `sex`, `birthday`, `hometown`, `media_id`) VALUES (33, 'M', '1971-02-18', 'Wisozkburgh', 33);
INSERT INTO `profiles` (`user_id`, `sex`, `birthday`, `hometown`, `media_id`) VALUES (34, 'M', '2019-02-13', 'Makenzieport', 34);
INSERT INTO `profiles` (`user_id`, `sex`, `birthday`, `hometown`, `media_id`) VALUES (35, 'F', '1971-05-22', 'Lake Alene', 35);
INSERT INTO `profiles` (`user_id`, `sex`, `birthday`, `hometown`, `media_id`) VALUES (36, 'M', '2014-07-22', 'Gottliebburgh', 36);
INSERT INTO `profiles` (`user_id`, `sex`, `birthday`, `hometown`, `media_id`) VALUES (37, 'F', '2004-07-15', 'Lake Magnusburgh', 37);
INSERT INTO `profiles` (`user_id`, `sex`, `birthday`, `hometown`, `media_id`) VALUES (38, 'M', '2007-01-12', 'South Hosealand', 38);
INSERT INTO `profiles` (`user_id`, `sex`, `birthday`, `hometown`, `media_id`) VALUES (39, 'M', '2012-05-23', 'D\'Amoreberg', 39);
INSERT INTO `profiles` (`user_id`, `sex`, `birthday`, `hometown`, `media_id`) VALUES (40, 'F', '1991-05-15', 'Lake Waylonfort', 40);
INSERT INTO `profiles` (`user_id`, `sex`, `birthday`, `hometown`, `media_id`) VALUES (41, 'F', '1984-01-05', 'New Giuseppe', 41);
INSERT INTO `profiles` (`user_id`, `sex`, `birthday`, `hometown`, `media_id`) VALUES (42, 'M', '1985-07-26', 'West Jessie', 42);
INSERT INTO `profiles` (`user_id`, `sex`, `birthday`, `hometown`, `media_id`) VALUES (43, 'F', '2013-07-02', 'North Savanna', 43);
INSERT INTO `profiles` (`user_id`, `sex`, `birthday`, `hometown`, `media_id`) VALUES (44, 'F', '1976-01-19', 'Feestside', 44);
INSERT INTO `profiles` (`user_id`, `sex`, `birthday`, `hometown`, `media_id`) VALUES (45, 'F', '2015-11-05', 'Lake Isaiahport', 45);
INSERT INTO `profiles` (`user_id`, `sex`, `birthday`, `hometown`, `media_id`) VALUES (46, 'M', '2009-10-24', 'Kirlinville', 46);
INSERT INTO `profiles` (`user_id`, `sex`, `birthday`, `hometown`, `media_id`) VALUES (47, 'F', '1982-12-10', 'West Nat', 47);
INSERT INTO `profiles` (`user_id`, `sex`, `birthday`, `hometown`, `media_id`) VALUES (48, 'M', '1973-03-20', 'New Titusmouth', 48);
INSERT INTO `profiles` (`user_id`, `sex`, `birthday`, `hometown`, `media_id`) VALUES (49, 'F', '1989-08-03', 'Port Kavonfort', 49);
INSERT INTO `profiles` (`user_id`, `sex`, `birthday`, `hometown`, `media_id`) VALUES (50, 'M', '1984-11-04', 'New Browntown', 50);
INSERT INTO `profiles` (`user_id`, `sex`, `birthday`, `hometown`, `media_id`) VALUES (51, 'F', '1985-12-31', 'Meredithton', 51);
INSERT INTO `profiles` (`user_id`, `sex`, `birthday`, `hometown`, `media_id`) VALUES (52, 'M', '2011-03-28', 'North Meaghan', 52);
INSERT INTO `profiles` (`user_id`, `sex`, `birthday`, `hometown`, `media_id`) VALUES (53, 'F', '1983-02-08', 'West Odiefort', 53);
INSERT INTO `profiles` (`user_id`, `sex`, `birthday`, `hometown`, `media_id`) VALUES (54, 'F', '2009-07-07', 'Eunicehaven', 54);
INSERT INTO `profiles` (`user_id`, `sex`, `birthday`, `hometown`, `media_id`) VALUES (55, 'M', '1985-08-10', 'South Mosesville', 55);
INSERT INTO `profiles` (`user_id`, `sex`, `birthday`, `hometown`, `media_id`) VALUES (56, 'M', '2004-01-31', 'Brekkeland', 56);
INSERT INTO `profiles` (`user_id`, `sex`, `birthday`, `hometown`, `media_id`) VALUES (57, 'F', '1987-09-03', 'New Vitafurt', 57);
INSERT INTO `profiles` (`user_id`, `sex`, `birthday`, `hometown`, `media_id`) VALUES (58, 'F', '1974-02-28', 'South Rebamouth', 58);
INSERT INTO `profiles` (`user_id`, `sex`, `birthday`, `hometown`, `media_id`) VALUES (59, 'M', '1973-10-24', 'Ernsermouth', 59);
INSERT INTO `profiles` (`user_id`, `sex`, `birthday`, `hometown`, `media_id`) VALUES (60, 'F', '2014-08-24', 'Lake Lonzohaven', 60);
INSERT INTO `profiles` (`user_id`, `sex`, `birthday`, `hometown`, `media_id`) VALUES (61, 'F', '2006-09-04', 'South Margareteshire', 61);
INSERT INTO `profiles` (`user_id`, `sex`, `birthday`, `hometown`, `media_id`) VALUES (62, 'M', '2015-11-03', 'Dudleymouth', 62);
INSERT INTO `profiles` (`user_id`, `sex`, `birthday`, `hometown`, `media_id`) VALUES (63, 'F', '2004-08-16', 'West Susanna', 63);
INSERT INTO `profiles` (`user_id`, `sex`, `birthday`, `hometown`, `media_id`) VALUES (64, 'F', '2010-11-09', 'West Jerometown', 64);
INSERT INTO `profiles` (`user_id`, `sex`, `birthday`, `hometown`, `media_id`) VALUES (65, 'M', '1985-09-17', 'New Rodger', 65);
INSERT INTO `profiles` (`user_id`, `sex`, `birthday`, `hometown`, `media_id`) VALUES (66, 'F', '1985-04-20', 'Hoppefort', 66);
INSERT INTO `profiles` (`user_id`, `sex`, `birthday`, `hometown`, `media_id`) VALUES (67, 'F', '2012-10-09', 'Lake Joaquin', 67);
INSERT INTO `profiles` (`user_id`, `sex`, `birthday`, `hometown`, `media_id`) VALUES (68, 'F', '1994-08-20', 'South Kali', 68);
INSERT INTO `profiles` (`user_id`, `sex`, `birthday`, `hometown`, `media_id`) VALUES (69, 'F', '1983-06-16', 'Weimannberg', 69);
INSERT INTO `profiles` (`user_id`, `sex`, `birthday`, `hometown`, `media_id`) VALUES (70, 'F', '2001-02-02', 'Orenfort', 70);
INSERT INTO `profiles` (`user_id`, `sex`, `birthday`, `hometown`, `media_id`) VALUES (71, 'F', '1983-10-15', 'West Jordanchester', 71);
INSERT INTO `profiles` (`user_id`, `sex`, `birthday`, `hometown`, `media_id`) VALUES (72, 'F', '2010-08-16', 'New Sabryna', 72);
INSERT INTO `profiles` (`user_id`, `sex`, `birthday`, `hometown`, `media_id`) VALUES (73, 'F', '2007-10-03', 'West Jadyn', 73);
INSERT INTO `profiles` (`user_id`, `sex`, `birthday`, `hometown`, `media_id`) VALUES (74, 'F', '1970-04-29', 'Baileychester', 74);
INSERT INTO `profiles` (`user_id`, `sex`, `birthday`, `hometown`, `media_id`) VALUES (75, 'M', '2019-01-13', 'Tanyaview', 75);
INSERT INTO `profiles` (`user_id`, `sex`, `birthday`, `hometown`, `media_id`) VALUES (76, 'F', '2009-08-15', 'Schroederfort', 76);
INSERT INTO `profiles` (`user_id`, `sex`, `birthday`, `hometown`, `media_id`) VALUES (77, 'M', '1975-01-13', 'Mariehaven', 77);
INSERT INTO `profiles` (`user_id`, `sex`, `birthday`, `hometown`, `media_id`) VALUES (78, 'F', '1977-09-02', 'Port Johnathonburgh', 78);
INSERT INTO `profiles` (`user_id`, `sex`, `birthday`, `hometown`, `media_id`) VALUES (79, 'F', '1975-05-03', 'Lake Uriahhaven', 79);
INSERT INTO `profiles` (`user_id`, `sex`, `birthday`, `hometown`, `media_id`) VALUES (80, 'F', '2008-11-04', 'Lake Kaylieport', 80);
INSERT INTO `profiles` (`user_id`, `sex`, `birthday`, `hometown`, `media_id`) VALUES (81, 'F', '1995-12-28', 'Hudsonland', 81);
INSERT INTO `profiles` (`user_id`, `sex`, `birthday`, `hometown`, `media_id`) VALUES (82, 'F', '2005-11-01', 'North Oren', 82);
INSERT INTO `profiles` (`user_id`, `sex`, `birthday`, `hometown`, `media_id`) VALUES (83, 'F', '1994-07-26', 'New Danika', 83);
INSERT INTO `profiles` (`user_id`, `sex`, `birthday`, `hometown`, `media_id`) VALUES (84, 'M', '1979-04-20', 'North Estelleville', 84);
INSERT INTO `profiles` (`user_id`, `sex`, `birthday`, `hometown`, `media_id`) VALUES (85, 'F', '1978-05-17', 'Howefort', 85);
INSERT INTO `profiles` (`user_id`, `sex`, `birthday`, `hometown`, `media_id`) VALUES (86, 'M', '1996-10-22', 'Pinkieburgh', 86);
INSERT INTO `profiles` (`user_id`, `sex`, `birthday`, `hometown`, `media_id`) VALUES (87, 'M', '2017-06-07', 'Aryannafort', 87);
INSERT INTO `profiles` (`user_id`, `sex`, `birthday`, `hometown`, `media_id`) VALUES (88, 'M', '2003-08-10', 'North Madonnashire', 88);
INSERT INTO `profiles` (`user_id`, `sex`, `birthday`, `hometown`, `media_id`) VALUES (89, 'F', '1977-12-25', 'West Audreanne', 89);
INSERT INTO `profiles` (`user_id`, `sex`, `birthday`, `hometown`, `media_id`) VALUES (90, 'F', '1978-04-27', 'South Terrill', 90);
INSERT INTO `profiles` (`user_id`, `sex`, `birthday`, `hometown`, `media_id`) VALUES (91, 'M', '1981-10-23', 'Jacobshaven', 91);
INSERT INTO `profiles` (`user_id`, `sex`, `birthday`, `hometown`, `media_id`) VALUES (92, 'F', '1985-11-03', 'East Javierside', 92);
INSERT INTO `profiles` (`user_id`, `sex`, `birthday`, `hometown`, `media_id`) VALUES (93, 'M', '1993-09-03', 'North Johnpaul', 93);
INSERT INTO `profiles` (`user_id`, `sex`, `birthday`, `hometown`, `media_id`) VALUES (94, 'M', '1998-05-13', 'South Deshawnmouth', 94);
INSERT INTO `profiles` (`user_id`, `sex`, `birthday`, `hometown`, `media_id`) VALUES (95, 'F', '2005-07-06', 'Sauerbury', 95);
INSERT INTO `profiles` (`user_id`, `sex`, `birthday`, `hometown`, `media_id`) VALUES (96, 'F', '1987-03-01', 'East Maxwell', 96);
INSERT INTO `profiles` (`user_id`, `sex`, `birthday`, `hometown`, `media_id`) VALUES (97, 'M', '1986-12-19', 'Adrienneborough', 97);
INSERT INTO `profiles` (`user_id`, `sex`, `birthday`, `hometown`, `media_id`) VALUES (98, 'F', '1983-10-26', 'Camillafurt', 98);
INSERT INTO `profiles` (`user_id`, `sex`, `birthday`, `hometown`, `media_id`) VALUES (99, 'M', '2000-02-15', 'Wehnerberg', 99);
INSERT INTO `profiles` (`user_id`, `sex`, `birthday`, `hometown`, `media_id`) VALUES (100, 'M', '2013-11-25', 'Port Victorside', 100);


#
# TABLE STRUCTURE FOR: status
#

DROP TABLE IF EXISTS `status`;

CREATE TABLE `status` (
  `id` int(10) unsigned NOT NULL AUTO_INCREMENT,
  `user_status` varchar(255) COLLATE utf8_unicode_ci NOT NULL,
  PRIMARY KEY (`id`),
  UNIQUE KEY `user_status` (`user_status`)
) ENGINE=InnoDB AUTO_INCREMENT=16 DEFAULT CHARSET=utf8 COLLATE=utf8_unicode_ci;

INSERT INTO `status` (`id`, `user_status`) VALUES (5, 'aqixsfvlo');
INSERT INTO `status` (`id`, `user_status`) VALUES (3, 'ckckyyvcq');
INSERT INTO `status` (`id`, `user_status`) VALUES (13, 'dcearnvas');
INSERT INTO `status` (`id`, `user_status`) VALUES (7, 'eifmvpwor');
INSERT INTO `status` (`id`, `user_status`) VALUES (1, 'kabpysqyz');
INSERT INTO `status` (`id`, `user_status`) VALUES (11, 'kxzyeqrlm');
INSERT INTO `status` (`id`, `user_status`) VALUES (14, 'mwudvkcsc');
INSERT INTO `status` (`id`, `user_status`) VALUES (4, 'nzprbckgg');
INSERT INTO `status` (`id`, `user_status`) VALUES (8, 'oesxlyoxo');
INSERT INTO `status` (`id`, `user_status`) VALUES (10, 'qpaqrszis');
INSERT INTO `status` (`id`, `user_status`) VALUES (12, 'swxjmnuxz');
INSERT INTO `status` (`id`, `user_status`) VALUES (9, 'syirgxpjb');
INSERT INTO `status` (`id`, `user_status`) VALUES (15, 'twwxmbxts');
INSERT INTO `status` (`id`, `user_status`) VALUES (2, 'xxnkwxpwu');
INSERT INTO `status` (`id`, `user_status`) VALUES (6, 'ywqqjxvfs');


#
# TABLE STRUCTURE FOR: users
#

DROP TABLE IF EXISTS `users`;

CREATE TABLE `users` (
  `id` int(10) unsigned NOT NULL AUTO_INCREMENT,
  `firstname` varchar(100) COLLATE utf8_unicode_ci NOT NULL,
  `lastname` varchar(100) COLLATE utf8_unicode_ci NOT NULL,
  `email` varchar(120) COLLATE utf8_unicode_ci NOT NULL,
  `phone` varchar(120) COLLATE utf8_unicode_ci NOT NULL,
  `created_at` datetime DEFAULT current_timestamp(),
  `updated_at` datetime DEFAULT current_timestamp() ON UPDATE current_timestamp(),
  PRIMARY KEY (`id`),
  UNIQUE KEY `email` (`email`),
  UNIQUE KEY `phone` (`phone`)
) ENGINE=InnoDB AUTO_INCREMENT=101 DEFAULT CHARSET=utf8 COLLATE=utf8_unicode_ci;

INSERT INTO `users` (`id`, `firstname`, `lastname`, `email`, `phone`, `created_at`, `updated_at`) VALUES (1, 'Odessa', 'Zieme', 'nwillms@example.com', '518-913-9175x63405', '2014-01-05 12:48:56', '1999-05-24 20:06:58');
INSERT INTO `users` (`id`, `firstname`, `lastname`, `email`, `phone`, `created_at`, `updated_at`) VALUES (2, 'Lawson', 'Mayert', 'hermiston.estel@example.com', '1-575-383-4696', '1996-05-03 07:02:28', '1992-09-13 04:36:47');
INSERT INTO `users` (`id`, `firstname`, `lastname`, `email`, `phone`, `created_at`, `updated_at`) VALUES (3, 'Camilla', 'Feil', 'klein.vern@example.com', '193.335.9694x192', '1990-10-31 06:41:40', '2018-08-15 22:45:30');
INSERT INTO `users` (`id`, `firstname`, `lastname`, `email`, `phone`, `created_at`, `updated_at`) VALUES (4, 'Ava', 'Quitzon', 'gladys70@example.com', '+93(3)7279301442', '2008-03-11 03:57:46', '1992-11-23 17:27:03');
INSERT INTO `users` (`id`, `firstname`, `lastname`, `email`, `phone`, `created_at`, `updated_at`) VALUES (5, 'Tyrese', 'Jacobi', 'kasey.mckenzie@example.com', '(229)086-6956', '1980-03-04 10:18:20', '1980-07-22 23:47:47');
INSERT INTO `users` (`id`, `firstname`, `lastname`, `email`, `phone`, `created_at`, `updated_at`) VALUES (6, 'Effie', 'Baumbach', 'hirthe.anya@example.net', '126-169-9590x761', '2002-01-09 10:39:45', '2009-01-24 21:12:39');
INSERT INTO `users` (`id`, `firstname`, `lastname`, `email`, `phone`, `created_at`, `updated_at`) VALUES (7, 'Maya', 'Grimes', 'solon36@example.net', '186.344.2809', '1996-06-10 13:10:12', '1985-05-25 18:43:44');
INSERT INTO `users` (`id`, `firstname`, `lastname`, `email`, `phone`, `created_at`, `updated_at`) VALUES (8, 'Michale', 'Gibson', 'shaina.lemke@example.com', '325.534.9011x348', '2012-08-03 15:17:41', '2005-12-19 18:35:09');
INSERT INTO `users` (`id`, `firstname`, `lastname`, `email`, `phone`, `created_at`, `updated_at`) VALUES (9, 'Curtis', 'Farrell', 'mkuhn@example.net', '537.767.4965x09765', '1981-03-09 09:53:35', '2010-06-17 19:03:08');
INSERT INTO `users` (`id`, `firstname`, `lastname`, `email`, `phone`, `created_at`, `updated_at`) VALUES (10, 'Vernie', 'Torphy', 'o\'hara.cassandra@example.com', '817-418-5731', '1975-10-10 00:38:33', '1975-11-19 05:58:37');
INSERT INTO `users` (`id`, `firstname`, `lastname`, `email`, `phone`, `created_at`, `updated_at`) VALUES (11, 'Melody', 'Zieme', 'ahuels@example.com', '970.377.9711x70509', '2015-05-19 13:42:29', '1980-02-20 11:31:56');
INSERT INTO `users` (`id`, `firstname`, `lastname`, `email`, `phone`, `created_at`, `updated_at`) VALUES (12, 'Delmer', 'Cremin', 'alisa59@example.org', '1-705-940-4696x933', '2018-07-23 21:09:05', '1980-11-15 13:37:43');
INSERT INTO `users` (`id`, `firstname`, `lastname`, `email`, `phone`, `created_at`, `updated_at`) VALUES (13, 'Loyce', 'Herman', 'rippin.george@example.org', '+82(0)0409267638', '1997-06-04 16:39:15', '1970-09-23 21:14:22');
INSERT INTO `users` (`id`, `firstname`, `lastname`, `email`, `phone`, `created_at`, `updated_at`) VALUES (14, 'Coty', 'Kohler', 'hermann.concepcion@example.net', '1-004-725-6327', '2017-03-30 15:32:48', '1991-05-09 13:08:37');
INSERT INTO `users` (`id`, `firstname`, `lastname`, `email`, `phone`, `created_at`, `updated_at`) VALUES (15, 'Margarete', 'Hoeger', 'ruthe.stamm@example.com', '737.949.9553', '1985-10-07 09:53:40', '2010-10-09 00:02:56');
INSERT INTO `users` (`id`, `firstname`, `lastname`, `email`, `phone`, `created_at`, `updated_at`) VALUES (16, 'Cordia', 'Rempel', 'doyle.wendy@example.com', '370-160-1857', '1988-08-20 04:09:28', '1976-05-29 11:36:28');
INSERT INTO `users` (`id`, `firstname`, `lastname`, `email`, `phone`, `created_at`, `updated_at`) VALUES (17, 'Domenica', 'Nicolas', 'streich.yesenia@example.com', '(245)008-7415x501', '1986-06-29 10:59:29', '2010-04-12 16:36:08');
INSERT INTO `users` (`id`, `firstname`, `lastname`, `email`, `phone`, `created_at`, `updated_at`) VALUES (18, 'Ethel', 'Goyette', 'nichole97@example.com', '382-635-1418', '1987-11-28 06:14:02', '1976-05-22 12:21:49');
INSERT INTO `users` (`id`, `firstname`, `lastname`, `email`, `phone`, `created_at`, `updated_at`) VALUES (19, 'Carole', 'Kerluke', 'zkoelpin@example.net', '1-134-846-5688x95521', '1984-02-04 18:40:30', '1998-10-22 04:50:04');
INSERT INTO `users` (`id`, `firstname`, `lastname`, `email`, `phone`, `created_at`, `updated_at`) VALUES (20, 'Gunner', 'DuBuque', 'cassin.jeffery@example.org', '1-985-880-6233x4577', '1974-02-08 06:38:10', '1981-06-06 16:02:30');
INSERT INTO `users` (`id`, `firstname`, `lastname`, `email`, `phone`, `created_at`, `updated_at`) VALUES (21, 'Dedric', 'Flatley', 'keeling.reuben@example.com', '1-476-306-6086x834', '1983-02-17 10:55:33', '2003-04-10 01:14:17');
INSERT INTO `users` (`id`, `firstname`, `lastname`, `email`, `phone`, `created_at`, `updated_at`) VALUES (22, 'Judge', 'Yundt', 'qkautzer@example.com', '1-535-822-8197', '1980-01-18 06:27:59', '1990-04-04 08:30:24');
INSERT INTO `users` (`id`, `firstname`, `lastname`, `email`, `phone`, `created_at`, `updated_at`) VALUES (23, 'Arielle', 'Rolfson', 'yortiz@example.net', '440-975-5480', '2000-10-22 15:07:03', '2003-10-24 09:47:36');
INSERT INTO `users` (`id`, `firstname`, `lastname`, `email`, `phone`, `created_at`, `updated_at`) VALUES (24, 'Sherwood', 'Gislason', 'xkunde@example.net', '143.963.7874x04476', '1991-02-25 02:54:42', '2008-12-03 21:06:29');
INSERT INTO `users` (`id`, `firstname`, `lastname`, `email`, `phone`, `created_at`, `updated_at`) VALUES (25, 'Eldora', 'Konopelski', 'brakus.aniya@example.net', '542.718.6204', '2002-11-22 17:51:47', '1992-09-06 23:37:06');
INSERT INTO `users` (`id`, `firstname`, `lastname`, `email`, `phone`, `created_at`, `updated_at`) VALUES (26, 'Edyth', 'Rippin', 'nakia63@example.com', '(431)227-1955', '1992-01-03 13:14:39', '1986-03-29 11:33:14');
INSERT INTO `users` (`id`, `firstname`, `lastname`, `email`, `phone`, `created_at`, `updated_at`) VALUES (27, 'Sydnee', 'Luettgen', 'glenna51@example.com', '1-256-321-2845x8862', '2006-10-21 04:36:51', '1989-07-15 07:44:17');
INSERT INTO `users` (`id`, `firstname`, `lastname`, `email`, `phone`, `created_at`, `updated_at`) VALUES (28, 'Maurine', 'Nienow', 'alison61@example.org', '+14(4)1806261208', '2008-02-07 09:53:28', '1980-05-19 14:51:43');
INSERT INTO `users` (`id`, `firstname`, `lastname`, `email`, `phone`, `created_at`, `updated_at`) VALUES (29, 'Travon', 'Parisian', 'name45@example.org', '439-482-4365x661', '2007-07-08 16:28:42', '1985-10-05 14:10:05');
INSERT INTO `users` (`id`, `firstname`, `lastname`, `email`, `phone`, `created_at`, `updated_at`) VALUES (30, 'Houston', 'Daniel', 'amalia.hayes@example.org', '081.048.2674', '1981-09-28 07:29:23', '1992-10-21 00:26:42');
INSERT INTO `users` (`id`, `firstname`, `lastname`, `email`, `phone`, `created_at`, `updated_at`) VALUES (31, 'Ruby', 'Hagenes', 'vesta08@example.net', '375-032-9139x85133', '1995-11-26 13:46:10', '1988-02-12 21:26:11');
INSERT INTO `users` (`id`, `firstname`, `lastname`, `email`, `phone`, `created_at`, `updated_at`) VALUES (32, 'Joany', 'Dach', 'lthiel@example.com', '814-910-8183', '1988-09-09 11:47:35', '1977-07-26 09:46:07');
INSERT INTO `users` (`id`, `firstname`, `lastname`, `email`, `phone`, `created_at`, `updated_at`) VALUES (33, 'Meggie', 'Greenfelder', 'hector.mayert@example.org', '374.832.2106x22337', '2005-12-28 13:28:41', '1995-12-18 15:58:32');
INSERT INTO `users` (`id`, `firstname`, `lastname`, `email`, `phone`, `created_at`, `updated_at`) VALUES (34, 'Taylor', 'Mayert', 'keagan30@example.net', '09972677679', '1998-10-11 20:47:45', '1993-07-19 21:23:58');
INSERT INTO `users` (`id`, `firstname`, `lastname`, `email`, `phone`, `created_at`, `updated_at`) VALUES (35, 'Imani', 'Nader', 'waelchi.carmen@example.com', '809-163-6442x418', '1997-05-23 05:53:29', '2000-06-09 23:10:10');
INSERT INTO `users` (`id`, `firstname`, `lastname`, `email`, `phone`, `created_at`, `updated_at`) VALUES (36, 'Rex', 'Osinski', 'ybrown@example.com', '+92(9)8872998949', '1989-01-11 02:04:19', '1970-08-18 15:22:04');
INSERT INTO `users` (`id`, `firstname`, `lastname`, `email`, `phone`, `created_at`, `updated_at`) VALUES (37, 'Carmella', 'Haag', 'paucek.lavina@example.org', '108-792-8845x835', '1994-10-22 08:29:29', '1992-10-25 11:48:32');
INSERT INTO `users` (`id`, `firstname`, `lastname`, `email`, `phone`, `created_at`, `updated_at`) VALUES (38, 'Morris', 'Schuster', 'nichole12@example.org', '+79(4)1437239879', '2012-04-15 00:31:13', '1993-02-07 15:30:18');
INSERT INTO `users` (`id`, `firstname`, `lastname`, `email`, `phone`, `created_at`, `updated_at`) VALUES (39, 'Kelsie', 'Hoppe', 'yvonne.steuber@example.com', '07655963554', '2008-11-12 01:35:29', '1986-06-13 12:29:26');
INSERT INTO `users` (`id`, `firstname`, `lastname`, `email`, `phone`, `created_at`, `updated_at`) VALUES (40, 'Cyril', 'Volkman', 'leslie.johnston@example.com', '(963)345-8435', '2004-05-11 03:18:29', '2012-04-09 12:04:38');
INSERT INTO `users` (`id`, `firstname`, `lastname`, `email`, `phone`, `created_at`, `updated_at`) VALUES (41, 'Briana', 'Hudson', 'camron18@example.com', '552-504-4511x7569', '1982-11-20 17:46:17', '1985-01-07 20:51:48');
INSERT INTO `users` (`id`, `firstname`, `lastname`, `email`, `phone`, `created_at`, `updated_at`) VALUES (42, 'Jacinthe', 'Wuckert', 'labadie.daphne@example.com', '01116563342', '2018-04-17 02:12:49', '1982-06-22 21:55:50');
INSERT INTO `users` (`id`, `firstname`, `lastname`, `email`, `phone`, `created_at`, `updated_at`) VALUES (43, 'Ariel', 'Spencer', 'rboehm@example.org', '+56(1)5646713496', '1976-03-22 22:06:31', '2009-04-19 09:34:21');
INSERT INTO `users` (`id`, `firstname`, `lastname`, `email`, `phone`, `created_at`, `updated_at`) VALUES (44, 'Gunnar', 'Emmerich', 'khilll@example.com', '(372)401-9117x34824', '2016-05-16 03:04:40', '2004-05-24 13:44:20');
INSERT INTO `users` (`id`, `firstname`, `lastname`, `email`, `phone`, `created_at`, `updated_at`) VALUES (45, 'Abner', 'Pfeffer', 'hazel75@example.com', '(629)053-4394', '2003-03-04 19:27:46', '1988-05-13 20:23:42');
INSERT INTO `users` (`id`, `firstname`, `lastname`, `email`, `phone`, `created_at`, `updated_at`) VALUES (46, 'Dalton', 'Reilly', 'stiedemann.chesley@example.com', '07918356026', '2016-11-09 01:00:51', '1970-06-20 02:25:59');
INSERT INTO `users` (`id`, `firstname`, `lastname`, `email`, `phone`, `created_at`, `updated_at`) VALUES (47, 'Keanu', 'Muller', 'powlowski.joseph@example.com', '(132)195-4288x154', '1977-02-14 10:24:25', '2007-10-17 02:54:00');
INSERT INTO `users` (`id`, `firstname`, `lastname`, `email`, `phone`, `created_at`, `updated_at`) VALUES (48, 'Neoma', 'Renner', 'zlang@example.net', '035.725.0105x08875', '1989-03-22 19:06:15', '2005-02-20 04:58:48');
INSERT INTO `users` (`id`, `firstname`, `lastname`, `email`, `phone`, `created_at`, `updated_at`) VALUES (49, 'Maybell', 'Leffler', 'vritchie@example.org', '(865)837-3207x95028', '1978-09-24 19:28:11', '2003-03-22 12:46:01');
INSERT INTO `users` (`id`, `firstname`, `lastname`, `email`, `phone`, `created_at`, `updated_at`) VALUES (50, 'Sophia', 'Stroman', 'lilian.kohler@example.net', '(616)467-9872x74530', '1993-05-23 08:12:53', '1982-08-04 05:52:43');
INSERT INTO `users` (`id`, `firstname`, `lastname`, `email`, `phone`, `created_at`, `updated_at`) VALUES (51, 'Golden', 'Kuhic', 'lewis02@example.com', '742.782.7598x3073', '1983-04-26 07:23:51', '1990-11-16 00:10:00');
INSERT INTO `users` (`id`, `firstname`, `lastname`, `email`, `phone`, `created_at`, `updated_at`) VALUES (52, 'Shemar', 'Ward', 'grath@example.com', '+37(8)8881401742', '2003-06-02 09:01:31', '1995-05-13 20:15:46');
INSERT INTO `users` (`id`, `firstname`, `lastname`, `email`, `phone`, `created_at`, `updated_at`) VALUES (53, 'Sydnee', 'Pfannerstill', 'jocelyn.robel@example.org', '411.962.0390', '2010-10-18 04:11:59', '1976-11-06 05:41:31');
INSERT INTO `users` (`id`, `firstname`, `lastname`, `email`, `phone`, `created_at`, `updated_at`) VALUES (54, 'Stevie', 'Yundt', 'qbeer@example.net', '06509803651', '2007-05-20 13:41:39', '1970-09-17 20:51:50');
INSERT INTO `users` (`id`, `firstname`, `lastname`, `email`, `phone`, `created_at`, `updated_at`) VALUES (55, 'Piper', 'Price', 'joanie47@example.com', '(742)759-0301x358', '1971-01-13 05:56:57', '1994-07-07 20:20:07');
INSERT INTO `users` (`id`, `firstname`, `lastname`, `email`, `phone`, `created_at`, `updated_at`) VALUES (56, 'Enrique', 'Rath', 'shanel.mayert@example.org', '1-949-658-9943x048', '2007-01-29 13:49:00', '1994-10-28 15:45:43');
INSERT INTO `users` (`id`, `firstname`, `lastname`, `email`, `phone`, `created_at`, `updated_at`) VALUES (57, 'Madonna', 'Reynolds', 'jayson.medhurst@example.com', '1-698-403-4715x3364', '1985-09-08 10:22:26', '1986-03-22 00:08:59');
INSERT INTO `users` (`id`, `firstname`, `lastname`, `email`, `phone`, `created_at`, `updated_at`) VALUES (58, 'Alden', 'Balistreri', 'madeline71@example.org', '1-949-768-7740x3877', '1987-06-01 10:20:54', '1988-07-25 05:14:16');
INSERT INTO `users` (`id`, `firstname`, `lastname`, `email`, `phone`, `created_at`, `updated_at`) VALUES (59, 'Courtney', 'Walker', 'belle.hartmann@example.org', '970-173-5270x48961', '1999-01-20 19:05:08', '2015-04-28 19:39:12');
INSERT INTO `users` (`id`, `firstname`, `lastname`, `email`, `phone`, `created_at`, `updated_at`) VALUES (60, 'Marlin', 'O\'Kon', 'arely48@example.net', '786-257-0557x6676', '1984-11-04 16:25:11', '1981-07-11 02:20:02');
INSERT INTO `users` (`id`, `firstname`, `lastname`, `email`, `phone`, `created_at`, `updated_at`) VALUES (61, 'Delia', 'DuBuque', 'ksawayn@example.com', '258.781.4632', '1982-10-06 08:25:37', '1979-03-18 09:41:39');
INSERT INTO `users` (`id`, `firstname`, `lastname`, `email`, `phone`, `created_at`, `updated_at`) VALUES (62, 'Abdullah', 'Weber', 'beer.eulalia@example.com', '1-985-683-3517x886', '1997-12-17 04:23:32', '2001-09-17 10:22:47');
INSERT INTO `users` (`id`, `firstname`, `lastname`, `email`, `phone`, `created_at`, `updated_at`) VALUES (63, 'Wendell', 'Corkery', 'tanner68@example.net', '183-696-6717x00337', '1970-09-27 19:19:12', '1979-10-21 09:07:17');
INSERT INTO `users` (`id`, `firstname`, `lastname`, `email`, `phone`, `created_at`, `updated_at`) VALUES (64, 'Monroe', 'Champlin', 'joey16@example.com', '04594605727', '1999-10-14 18:55:15', '2017-08-28 20:01:15');
INSERT INTO `users` (`id`, `firstname`, `lastname`, `email`, `phone`, `created_at`, `updated_at`) VALUES (65, 'Christ', 'Bruen', 'delpha.russel@example.com', '+73(2)6015517054', '2002-07-16 15:19:32', '2008-10-01 22:36:36');
INSERT INTO `users` (`id`, `firstname`, `lastname`, `email`, `phone`, `created_at`, `updated_at`) VALUES (66, 'Caesar', 'Murazik', 'kerluke.maryse@example.net', '1-644-903-1746', '2017-11-26 00:42:11', '2007-09-18 12:26:00');
INSERT INTO `users` (`id`, `firstname`, `lastname`, `email`, `phone`, `created_at`, `updated_at`) VALUES (67, 'Shyann', 'Schaden', 'weissnat.leta@example.org', '(303)029-4042', '1975-02-09 04:05:48', '1981-10-04 18:24:20');
INSERT INTO `users` (`id`, `firstname`, `lastname`, `email`, `phone`, `created_at`, `updated_at`) VALUES (68, 'Tatum', 'Langosh', 'brown.kasandra@example.org', '512.040.1741x1204', '2014-12-01 21:40:36', '1984-03-01 03:58:01');
INSERT INTO `users` (`id`, `firstname`, `lastname`, `email`, `phone`, `created_at`, `updated_at`) VALUES (69, 'Keeley', 'Lowe', 'antonina44@example.com', '06046720444', '2015-12-27 05:05:47', '1994-01-05 22:42:33');
INSERT INTO `users` (`id`, `firstname`, `lastname`, `email`, `phone`, `created_at`, `updated_at`) VALUES (70, 'Brandt', 'Jakubowski', 'virginie.lindgren@example.net', '956.870.9907', '2006-10-20 17:04:19', '2014-02-02 20:53:28');
INSERT INTO `users` (`id`, `firstname`, `lastname`, `email`, `phone`, `created_at`, `updated_at`) VALUES (71, 'Lester', 'Morissette', 'samson.thiel@example.org', '+56(1)4322714262', '1996-03-02 04:29:28', '2011-09-10 21:45:15');
INSERT INTO `users` (`id`, `firstname`, `lastname`, `email`, `phone`, `created_at`, `updated_at`) VALUES (72, 'Miles', 'Abshire', 'silas97@example.com', '542.219.4434', '1975-05-03 20:13:02', '1976-07-13 04:39:40');
INSERT INTO `users` (`id`, `firstname`, `lastname`, `email`, `phone`, `created_at`, `updated_at`) VALUES (73, 'Lois', 'Gleason', 'mertz.trenton@example.org', '(333)707-9782', '1984-11-03 11:52:56', '1982-06-08 06:16:26');
INSERT INTO `users` (`id`, `firstname`, `lastname`, `email`, `phone`, `created_at`, `updated_at`) VALUES (74, 'Regan', 'Leffler', 'ottis.marquardt@example.com', '919.172.6086', '1970-02-09 10:11:26', '1972-07-04 02:49:20');
INSERT INTO `users` (`id`, `firstname`, `lastname`, `email`, `phone`, `created_at`, `updated_at`) VALUES (75, 'Kim', 'Trantow', 'wava.stamm@example.net', '(892)527-5003x45302', '2008-09-02 21:03:36', '1981-04-02 02:47:20');
INSERT INTO `users` (`id`, `firstname`, `lastname`, `email`, `phone`, `created_at`, `updated_at`) VALUES (76, 'Ivah', 'Adams', 'eulalia66@example.net', '+73(7)0414144600', '2014-07-12 19:52:49', '1973-05-10 17:15:17');
INSERT INTO `users` (`id`, `firstname`, `lastname`, `email`, `phone`, `created_at`, `updated_at`) VALUES (77, 'Dock', 'Tillman', 'luettgen.amber@example.com', '01442630937', '2003-05-04 12:12:11', '2000-05-30 04:41:34');
INSERT INTO `users` (`id`, `firstname`, `lastname`, `email`, `phone`, `created_at`, `updated_at`) VALUES (78, 'Alda', 'Yundt', 'johathan.becker@example.com', '808.677.4700', '1996-02-18 13:58:25', '1998-01-26 12:32:41');
INSERT INTO `users` (`id`, `firstname`, `lastname`, `email`, `phone`, `created_at`, `updated_at`) VALUES (79, 'Christiana', 'Stoltenberg', 'alverta.bogan@example.com', '+04(9)3846340959', '1996-01-04 18:17:50', '1974-09-05 20:11:36');
INSERT INTO `users` (`id`, `firstname`, `lastname`, `email`, `phone`, `created_at`, `updated_at`) VALUES (80, 'Treva', 'West', 'samanta25@example.org', '1-064-864-9805', '1977-02-04 07:20:24', '1976-05-04 15:00:03');
INSERT INTO `users` (`id`, `firstname`, `lastname`, `email`, `phone`, `created_at`, `updated_at`) VALUES (81, 'Juliet', 'Stamm', 'desiree38@example.org', '1-766-465-5377', '1995-02-01 20:04:19', '1989-02-28 19:10:51');
INSERT INTO `users` (`id`, `firstname`, `lastname`, `email`, `phone`, `created_at`, `updated_at`) VALUES (82, 'Emelia', 'Hahn', 'maria28@example.com', '01276595106', '2018-06-10 12:48:19', '2012-04-26 07:33:06');
INSERT INTO `users` (`id`, `firstname`, `lastname`, `email`, `phone`, `created_at`, `updated_at`) VALUES (83, 'Emerald', 'Kihn', 'ryleigh17@example.com', '320-379-3398x583', '2007-09-30 19:30:38', '2003-08-08 05:26:04');
INSERT INTO `users` (`id`, `firstname`, `lastname`, `email`, `phone`, `created_at`, `updated_at`) VALUES (84, 'Melisa', 'Bogisich', 'swift.cierra@example.net', '1-091-389-5928x05275', '1973-01-01 16:23:12', '2011-12-30 00:34:43');
INSERT INTO `users` (`id`, `firstname`, `lastname`, `email`, `phone`, `created_at`, `updated_at`) VALUES (85, 'Salvatore', 'Breitenberg', 'demetris.berge@example.com', '07413283146', '2007-03-01 15:25:14', '2007-12-14 14:07:35');
INSERT INTO `users` (`id`, `firstname`, `lastname`, `email`, `phone`, `created_at`, `updated_at`) VALUES (86, 'Lambert', 'D\'Amore', 'ethelyn42@example.org', '08900269568', '2010-01-03 05:34:32', '2004-09-19 09:40:26');
INSERT INTO `users` (`id`, `firstname`, `lastname`, `email`, `phone`, `created_at`, `updated_at`) VALUES (87, 'Bell', 'Feest', 'kristofer27@example.com', '184.231.5576', '2017-01-30 09:05:48', '1980-01-18 03:58:23');
INSERT INTO `users` (`id`, `firstname`, `lastname`, `email`, `phone`, `created_at`, `updated_at`) VALUES (88, 'Brian', 'Goyette', 'rbarton@example.org', '(525)337-2709', '2013-08-31 17:16:16', '2007-12-25 23:36:04');
INSERT INTO `users` (`id`, `firstname`, `lastname`, `email`, `phone`, `created_at`, `updated_at`) VALUES (89, 'Ruth', 'D\'Amore', 'wkuhic@example.com', '+14(0)1262595218', '2000-03-01 21:51:28', '1983-12-29 18:51:13');
INSERT INTO `users` (`id`, `firstname`, `lastname`, `email`, `phone`, `created_at`, `updated_at`) VALUES (90, 'Fatima', 'Miller', 'carole30@example.org', '791.324.3458x68686', '2002-10-14 06:52:24', '1981-12-20 14:24:00');
INSERT INTO `users` (`id`, `firstname`, `lastname`, `email`, `phone`, `created_at`, `updated_at`) VALUES (91, 'Kameron', 'Sipes', 'fritsch.waino@example.com', '(746)534-7744x172', '1991-02-23 22:17:46', '2006-02-12 17:33:09');
INSERT INTO `users` (`id`, `firstname`, `lastname`, `email`, `phone`, `created_at`, `updated_at`) VALUES (92, 'Luisa', 'Gibson', 'bcarroll@example.org', '(422)403-0791', '1989-07-21 20:51:17', '2001-04-01 20:02:06');
INSERT INTO `users` (`id`, `firstname`, `lastname`, `email`, `phone`, `created_at`, `updated_at`) VALUES (93, 'Gardner', 'Lesch', 'johns.marguerite@example.com', '180.477.0259x50174', '2001-12-14 16:40:49', '1984-01-06 07:27:43');
INSERT INTO `users` (`id`, `firstname`, `lastname`, `email`, `phone`, `created_at`, `updated_at`) VALUES (94, 'Dudley', 'Schuster', 'rheidenreich@example.com', '1-632-483-9369x6913', '2008-09-01 01:33:55', '2004-02-02 00:08:08');
INSERT INTO `users` (`id`, `firstname`, `lastname`, `email`, `phone`, `created_at`, `updated_at`) VALUES (95, 'Mikel', 'Okuneva', 'jermaine23@example.net', '(471)775-6837x8965', '1982-07-12 02:08:12', '1970-12-30 16:15:09');
INSERT INTO `users` (`id`, `firstname`, `lastname`, `email`, `phone`, `created_at`, `updated_at`) VALUES (96, 'Bertrand', 'Wehner', 'gklein@example.org', '(796)273-0842x23082', '1998-10-01 09:51:25', '1993-07-04 10:34:16');
INSERT INTO `users` (`id`, `firstname`, `lastname`, `email`, `phone`, `created_at`, `updated_at`) VALUES (97, 'Wade', 'Friesen', 'abdiel.greenfelder@example.net', '1-805-871-1580x4404', '2002-02-07 15:13:25', '1970-06-20 09:15:55');
INSERT INTO `users` (`id`, `firstname`, `lastname`, `email`, `phone`, `created_at`, `updated_at`) VALUES (98, 'Maynard', 'Harris', 'smitham.hobart@example.net', '(620)337-0398x542', '1999-10-20 18:56:54', '1983-04-14 22:26:01');
INSERT INTO `users` (`id`, `firstname`, `lastname`, `email`, `phone`, `created_at`, `updated_at`) VALUES (99, 'Stanford', 'Boyer', 'kevon.schiller@example.com', '672-042-9496', '2012-11-16 20:18:28', '1989-10-23 21:11:17');
INSERT INTO `users` (`id`, `firstname`, `lastname`, `email`, `phone`, `created_at`, `updated_at`) VALUES (100, 'Travis', 'Waelchi', 'dare.alva@example.net', '(533)069-7593x33103', '1974-05-26 22:07:11', '2004-01-26 13:02:57');


